Card num.,Amount,Payment,Gender,Tenant,Income,Age,Fruits & vegetables,Meat,Milk products,Canned vegetables,Canned meat,Frozen goods,Beer,Wine,Soda drinks,Fish,Textile
39808,427.12,Cheque,M,yes,270000,46,0,1,1,0,0,0,0,0,0,0,1
67362,253.56,Cash,F,yes,300000,28,0,1,0,0,0,0,0,0,0,0,1
10872,206.17,Cash,M,yes,132000,36,0,0,0,1,0,1,1,0,0,1,0
26748,236.88,Card,F,yes,122000,26,0,0,1,0,0,0,0,1,0,0,0
91609,188.13,Card,M,No,110000,24,0,0,0,0,0,0,0,0,0,0,0
26630,464.86,Card,F,yes,150000,35,0,1,0,0,0,0,0,1,0,1,0
62995,140.46,Cash,F,No,208000,30,1,0,0,0,0,0,0,0,1,0,0
38765,222.03,Cash,M,No,244000,22,0,0,0,0,0,0,1,0,0,0,0
28935,229.75,Cheque,F,yes,295000,46,1,0,0,0,0,1,0,0,0,0,0
41792,145.69,Cash,M,yes,296000,22,1,0,0,0,0,0,0,0,0,1,0
59480,103.28,Cash,F,yes,271000,18,1,1,1,1,0,0,0,1,0,1,0
60755,137.79,Cash,F,No,200000,48,1,0,0,0,0,0,0,0,0,1,0
70998,365.09,Card,M,No,273000,43,0,0,1,0,1,1,0,0,0,1,0
80617,102.01,Cheque,F,No,280000,43,0,0,0,0,0,0,0,0,1,1,0
61144,103.73,Cash,F,yes,274000,24,1,0,1,0,0,0,0,0,1,1,0
36405,348.22,Cheque,F,No,184000,19,0,0,0,0,0,1,1,0,1,0,0
76567,422.48,Card,M,No,231000,31,1,0,0,1,0,0,0,0,0,1,0
85699,181.68,Cash,F,No,270000,29,0,0,0,0,0,0,0,0,0,1,0
11357,107.53,Cash,F,No,231000,26,0,0,0,0,0,0,1,0,0,1,0
97761,323.18,Card,F,No,258000,38,1,0,0,1,0,0,0,1,0,1,1
20362,317.2,Cash,M,No,251000,38,0,0,0,0,0,1,0,0,0,1,0
33173,368.32,Cash,F,No,247000,43,0,0,0,0,0,0,0,1,0,0,1
69934,311.78,Cheque,F,No,213000,41,0,0,0,0,0,0,0,0,0,1,0
14743,216.81,Cash,M,No,124000,48,0,1,1,1,1,1,1,1,0,0,0
83071,298.53,Cash,M,No,181000,31,0,0,0,0,0,0,1,0,0,0,1
17571,152.7,Card,F,No,229000,23,0,0,1,0,0,1,1,0,0,0,0
37917,322.31,Cheque,F,yes,270000,32,0,1,0,0,0,0,0,1,0,0,1
11236,425.66,Card,M,No,268000,34,0,0,0,0,0,0,0,0,0,0,0
47914,445.91,Cash,F,No,247000,32,0,1,0,0,0,0,0,1,0,1,1
58154,491.36,Cheque,M,yes,213000,50,0,0,0,0,1,0,0,0,0,0,0
35197,403.39,Cash,M,yes,274000,38,0,0,0,0,0,1,1,1,0,1,0
64892,389.99,Cash,F,No,129000,46,0,0,0,0,0,1,0,1,0,0,0
102467,137.62,Card,F,No,267000,48,0,0,0,1,1,0,1,1,0,0,0
56677,303.09,Cash,F,yes,278000,42,1,0,0,0,0,0,0,0,0,0,0
94105,103.71,Card,M,No,241000,44,0,1,0,0,0,0,0,0,1,0,0
63817,291.74,Cheque,M,No,196000,28,0,0,0,0,0,0,0,0,0,0,0
44887,468.98,Card,M,No,284000,41,1,0,0,0,0,0,0,0,0,0,0
69720,137.83,Card,F,yes,166000,41,0,1,0,0,0,0,0,0,0,0,0
97267,330.61,Cheque,F,No,102000,19,0,0,0,0,0,0,0,0,0,1,1
53750,385.11,Cheque,F,No,248000,23,0,0,0,0,0,0,0,1,0,0,1
109530,374.84,Card,M,yes,211000,30,0,1,0,0,0,0,1,0,0,0,0
65493,267.73,Cash,M,No,199000,43,0,0,0,0,0,0,0,0,1,0,0
96694,282.75,Card,M,yes,163000,28,0,0,0,1,1,1,1,1,0,1,0
46730,416.17,Card,F,yes,187000,35,1,0,0,0,1,0,0,0,0,0,0
60499,118.44,Cash,M,No,128000,30,1,1,0,0,0,0,0,0,0,0,0
73004,130.57,Cheque,M,No,238000,18,0,0,0,0,0,0,0,1,0,0,0
21787,195.36,Cash,M,yes,197000,45,0,0,0,0,0,0,0,0,0,1,0
28314,388.06,Card,F,No,292000,37,0,0,0,0,0,1,0,1,0,0,1
24651,321.21,Cash,F,yes,227000,37,0,0,0,0,0,0,0,1,1,0,1
29367,433.14,Cheque,M,No,288000,35,0,0,0,0,0,1,0,0,0,0,0
15072,416.45,Card,M,yes,284000,34,0,0,0,0,0,1,0,0,0,0,0
33622,392.37,Cash,M,yes,262000,25,1,0,0,0,0,0,1,1,0,1,0
42167,106.2,Card,F,yes,111000,35,0,1,0,0,0,0,0,1,1,0,0
43550,105.36,Cash,M,yes,102000,47,0,0,0,1,0,1,1,0,1,0,0
18724,491.77,Cash,F,yes,135000,17,0,0,1,0,0,0,1,0,0,0,0
91019,484.02,Card,M,No,241000,29,0,0,0,0,0,0,0,1,0,0,0
68193,157.15,Card,F,No,296000,24,1,0,0,0,0,0,0,0,0,0,0
35262,262.51,Cheque,M,No,181000,22,1,0,0,1,0,0,1,1,0,0,0
93401,457.96,Card,F,No,297000,25,0,0,0,0,0,0,0,1,0,1,1
15177,247.91,Card,F,yes,117000,46,0,0,0,0,0,0,0,0,0,0,1
96173,263.48,Card,F,yes,138000,31,0,0,0,0,0,0,0,0,1,0,0
50180,355.43,Cash,M,No,237000,42,0,0,0,1,1,0,0,0,1,0,1
31828,304.26,Card,M,yes,120000,17,1,0,1,0,1,0,0,0,0,1,0
62022,427.13,Cash,F,yes,133000,40,0,0,0,0,0,0,0,1,0,0,1
105225,285.34,Cash,M,yes,216000,35,1,0,1,0,0,0,0,0,0,0,1
64668,312,Cash,M,yes,112000,49,0,0,1,1,1,1,1,0,1,0,0
53320,462.7,Card,M,No,182000,39,0,0,0,0,1,0,0,0,1,1,0
15068,178.94,Cheque,M,No,214000,50,0,0,0,0,0,0,1,0,0,0,0
99849,370.25,Cash,F,No,114000,17,1,0,1,0,0,0,0,0,0,0,0
63694,223.04,Card,F,No,117000,29,1,0,1,1,0,0,0,0,0,0,0
24874,359.38,Cash,F,No,267000,46,1,1,1,0,0,0,0,1,0,0,1
104988,243.26,Cash,M,yes,248000,39,0,0,0,0,1,0,0,0,0,0,0
84902,449.99,Card,M,No,296000,50,0,0,0,0,0,1,0,0,0,0,0
96512,378.72,Card,F,yes,205000,43,1,0,0,0,0,0,1,1,0,0,1
99575,192.13,Card,M,No,281000,38,0,0,0,0,0,1,0,0,0,1,0
33413,379.01,Cash,F,yes,207000,39,0,0,0,0,0,1,0,1,0,0,1
57678,476.59,Cheque,M,yes,249000,29,0,0,0,0,0,1,0,0,0,0,0
89425,288.61,Cheque,M,yes,203000,17,1,0,0,1,0,0,1,0,0,1,0
60571,246.7,Cash,F,yes,186000,29,0,0,0,0,0,1,0,0,0,1,0
76095,280.02,Cheque,M,No,110000,46,0,0,0,1,0,1,1,0,0,0,0
48247,486.79,Cheque,F,yes,110000,50,0,0,0,0,0,0,0,0,0,0,0
88019,473.6,Cheque,M,No,233000,41,1,0,0,0,0,0,0,0,0,0,0
30850,171.81,Cash,F,yes,199000,34,1,0,0,0,0,0,0,0,0,1,0
66117,254.94,Cheque,F,yes,272000,26,0,0,0,0,1,0,0,0,0,1,0
97377,282.63,Card,F,yes,127000,24,0,0,0,0,0,0,1,0,0,0,0
101722,157.22,Cheque,M,yes,294000,31,0,1,0,0,0,1,0,0,0,1,0
43498,336.06,Cheque,F,No,170000,44,0,0,0,0,0,0,0,0,0,0,0
44562,135.32,Cheque,F,No,286000,50,0,0,0,0,0,1,0,0,1,0,0
74710,163.7,Card,F,No,273000,30,0,0,0,0,0,0,0,0,0,0,0
85585,364.26,Card,F,No,263000,46,0,0,0,0,0,0,0,1,1,0,1
97287,353.7,Cheque,M,yes,138000,49,0,0,0,1,0,1,1,1,0,1,0
19268,250.55,Cash,F,No,110000,29,0,0,0,0,0,0,0,0,0,0,0
50150,395.24,Cash,F,yes,188000,27,1,0,0,0,0,0,0,1,1,1,0
67455,181.98,Card,F,No,193000,40,0,1,0,0,0,0,1,0,0,0,0
16350,318.92,Card,F,No,229000,16,1,1,0,0,0,0,0,0,0,0,0
42778,352.8,Cash,M,No,155000,17,0,0,1,1,0,1,1,0,1,0,0
98181,163.51,Cash,F,No,219000,24,0,0,1,0,0,0,0,0,1,0,1
106522,100.07,Cheque,M,No,145000,22,0,0,0,1,0,1,1,0,0,0,0
36278,430.06,Cash,M,yes,204000,40,0,1,0,0,0,1,0,0,1,0,0
26130,126.21,Cheque,F,yes,184000,45,0,0,0,1,0,0,0,1,0,0,0
57851,295.62,Cash,F,No,187000,43,1,0,0,0,1,0,1,0,0,0,1
81971,193.67,Cash,M,yes,282000,17,1,0,1,1,0,0,0,0,0,1,0
57068,228.53,Cheque,M,yes,209000,42,0,0,1,0,0,0,0,0,0,0,0
69122,320.16,Card,M,No,293000,34,0,0,1,0,1,0,0,0,0,0,0
68489,225.68,Cheque,F,No,249000,18,0,0,0,0,0,1,0,0,0,1,0
46471,254.79,Cheque,M,No,171000,23,0,0,0,0,0,0,0,0,0,0,0
88359,230.21,Card,F,No,191000,21,1,1,0,0,0,0,0,0,0,0,1
44294,385.31,Cash,M,yes,163000,18,0,0,1,1,0,1,1,0,0,0,0
95604,235.05,Cheque,M,yes,116000,44,0,0,0,1,1,1,1,1,0,1,0
103596,274.25,Card,F,yes,123000,26,0,0,0,0,1,0,0,0,1,0,0
103473,250.33,Cheque,F,No,121000,26,0,0,0,0,1,1,0,0,0,0,0
94467,189.58,Cash,M,No,166000,49,0,0,0,1,0,1,1,0,1,1,0
38097,371.38,Cash,M,yes,117000,19,1,0,0,1,1,1,1,1,0,1,0
49632,107.71,Card,M,yes,217000,21,0,0,0,1,1,0,0,0,0,1,1
82558,101.07,Card,F,No,275000,22,0,1,0,0,0,0,1,1,1,0,0
50324,201,Cash,M,No,289000,16,0,1,0,0,0,0,0,0,1,1,0
38468,427.9,Card,F,No,183000,23,0,0,0,0,0,0,0,0,0,0,0
38055,144.49,Card,F,No,226000,25,1,0,0,0,0,0,0,0,0,0,0
74876,182.93,Cash,M,No,171000,45,0,0,1,0,0,0,1,0,0,0,1
18079,248.16,Card,M,No,198000,32,0,0,1,0,0,0,0,1,0,0,0
16316,391.7,Cheque,M,yes,233000,22,1,0,1,0,0,1,0,0,0,1,0
37166,164.83,Card,F,yes,216000,23,1,0,0,0,0,0,1,0,0,1,0
18334,424.34,Cash,F,yes,259000,43,0,0,0,0,0,1,0,1,0,0,1
102645,134.21,Card,F,No,172000,23,0,0,0,1,1,0,0,0,0,0,0
101100,189.59,Card,M,No,166000,42,0,0,0,1,0,1,1,1,0,0,0
64861,187.71,Cash,M,No,272000,49,0,0,1,0,0,1,1,0,0,0,1
19041,146.82,Card,F,yes,211000,23,1,1,0,1,0,0,0,0,0,1,0
85771,100.45,Card,F,yes,157000,36,0,0,0,0,1,0,0,1,0,0,1
79303,396.49,Cash,M,yes,170000,19,1,0,1,0,0,0,0,0,0,1,0
92675,445.15,Cheque,F,yes,181000,47,0,1,0,0,0,0,0,0,0,0,0
71690,136.36,Cash,F,yes,293000,18,1,0,0,0,0,0,1,0,1,1,0
86350,121.84,Card,F,yes,182000,49,0,0,0,0,0,1,0,0,1,0,0
88260,297.78,Card,F,yes,120000,34,0,0,1,1,0,0,0,0,0,0,0
86759,484.56,Card,F,yes,148000,34,0,0,0,1,0,0,0,0,0,0,0
49861,388.49,Cash,M,No,203000,32,0,0,0,0,0,0,1,0,0,0,0
21543,139.17,Cheque,F,yes,289000,27,0,0,0,1,0,1,0,1,1,0,0
70481,317,Cheque,M,No,298000,30,0,0,0,1,0,0,1,0,1,1,0
29944,428.98,Cash,M,yes,298000,18,1,0,0,0,0,1,1,0,1,1,0
46054,142.81,Card,M,yes,150000,46,0,1,0,1,1,1,1,0,1,0,1
61329,269.28,Card,F,No,172000,49,1,0,0,0,0,0,0,0,0,0,0
24566,394.48,Card,F,No,243000,34,0,0,0,1,1,0,0,1,0,1,1
58768,180.79,Cheque,F,No,108000,16,0,0,0,0,0,0,0,1,1,0,0
71343,482.75,Cash,M,No,137000,38,0,0,0,1,0,1,1,0,0,0,0
55418,208.81,Card,F,No,168000,23,1,0,0,0,0,0,0,0,0,0,0
18228,317.27,Cash,M,yes,177000,41,0,0,0,1,0,0,0,0,0,0,0
37305,339.6,Card,M,yes,182000,49,0,0,0,0,0,0,0,0,0,0,0
30243,303.91,Cash,M,No,115000,33,0,1,0,1,1,1,1,1,0,0,1
59599,274.88,Cash,F,No,187000,28,0,0,0,0,1,1,1,0,0,0,0
61869,318.01,Cash,M,yes,121000,46,1,0,0,1,0,1,1,1,0,0,0
10360,274.01,Cheque,M,yes,134000,20,1,0,0,1,0,1,1,0,0,1,0
83338,262.06,Cash,M,yes,185000,41,0,0,0,0,1,0,0,0,0,0,0
39080,183.87,Card,F,No,210000,36,0,0,0,1,0,0,0,0,0,1,0
84799,313.19,Card,M,No,176000,21,0,1,0,0,1,0,0,0,0,0,0
51979,205.28,Card,M,No,111000,16,0,0,0,1,1,1,1,0,0,0,1
40505,430.39,Card,F,yes,254000,50,0,1,1,0,0,0,0,1,0,0,1
37098,266.37,Card,F,No,141000,37,1,1,0,0,0,0,0,0,1,0,0
29524,107.12,Cash,F,No,251000,37,0,0,0,1,0,0,0,0,0,0,0
63452,178.91,Cash,M,yes,120000,48,0,0,0,1,1,1,1,0,0,0,0
20158,237.44,Cheque,M,No,290000,43,0,0,0,0,1,0,0,0,0,1,0
70182,113,Card,F,No,122000,18,0,0,0,1,0,1,0,0,0,0,0
56034,412.71,Cash,M,yes,141000,16,1,1,0,1,0,1,1,0,0,1,0
44235,277.26,Cash,F,No,232000,41,0,0,1,0,0,0,1,1,0,0,1
96881,146.11,Card,M,No,119000,39,0,0,0,1,1,1,1,1,0,0,0
27166,134.51,Cash,F,No,251000,44,0,0,0,0,0,0,0,0,0,0,0
39884,312.73,Cash,M,yes,297000,21,0,0,0,0,0,0,0,1,0,0,0
95141,453.42,Card,F,No,209000,37,1,0,0,0,0,0,0,1,0,0,1
28110,276.97,Card,M,No,121000,21,0,0,0,0,0,1,0,0,0,0,0
85259,409.3,Card,F,No,110000,22,1,0,0,0,0,1,1,0,0,0,0
14996,222.59,Cash,M,No,261000,17,0,1,1,1,0,1,0,0,0,1,1
55652,417.16,Card,M,yes,141000,20,1,0,0,1,0,1,1,0,0,1,0
43964,294.58,Cash,F,yes,185000,24,1,0,0,1,0,0,0,1,0,1,0
51183,223.15,Cash,F,yes,231000,25,0,0,0,0,0,0,0,0,0,0,0
29310,498.45,Cash,M,No,289000,22,0,0,0,0,0,0,0,1,1,0,0
21187,205.74,Cheque,F,No,154000,36,0,1,0,0,0,0,1,0,0,0,0
83536,319.36,Cash,F,yes,116000,22,0,0,0,0,0,0,1,0,1,1,0
95887,431.96,Cash,M,yes,125000,27,0,0,0,1,1,1,1,0,1,0,0
88176,345.36,Card,F,No,283000,31,0,0,1,0,0,1,0,1,1,0,1
65418,386.01,Cash,F,No,246000,48,0,0,0,0,0,0,0,1,0,0,1
27766,400.77,Card,F,yes,189000,34,1,0,0,0,0,0,1,0,0,0,0
66191,375.23,Cash,F,yes,226000,35,1,0,1,0,0,1,1,0,0,0,0
108764,446.29,Cash,M,No,102000,27,0,0,0,1,0,1,1,1,0,1,0
12782,313.29,Cheque,F,yes,203000,31,0,0,0,1,0,0,1,0,0,0,0
75118,317.77,Cheque,F,No,222000,49,0,0,0,0,1,0,0,0,0,0,0
58188,360.63,Card,M,yes,299000,19,1,0,0,0,1,0,0,0,0,1,0
95479,457.41,Cheque,M,yes,227000,32,0,0,0,1,1,0,0,1,0,0,1
59439,207.78,Cash,M,No,220000,24,1,0,0,0,0,0,1,0,0,0,0
104903,344.43,Cash,F,yes,282000,30,1,0,0,0,0,0,0,1,0,0,1
44825,369.44,Card,F,yes,126000,50,0,1,0,0,0,0,0,0,0,1,1
71887,300.67,Cash,M,yes,147000,46,0,1,0,1,0,1,1,1,0,1,1
18708,307.86,Cash,F,No,259000,35,0,0,0,1,1,1,1,0,0,1,0
74423,223.17,Cash,F,No,200000,18,0,0,0,0,0,0,1,0,0,0,0
97967,115.14,Cash,F,yes,276000,48,0,0,0,0,0,0,0,0,1,1,0
20386,398.29,Cheque,F,No,154000,32,0,0,1,0,0,0,0,0,0,0,0
77218,382.71,Card,M,yes,165000,34,1,0,0,1,0,1,1,1,0,1,0
80137,128.47,Cash,F,yes,222000,33,0,0,0,0,0,0,0,0,0,0,0
84092,348.49,Card,F,yes,220000,48,1,0,1,0,0,1,0,1,1,1,1
58914,289.16,Card,F,No,255000,50,0,0,0,0,0,1,0,0,0,0,0
16287,425.53,Cash,F,yes,258000,16,1,0,0,0,0,0,0,0,1,1,1
86044,305.43,Card,M,yes,139000,30,0,0,0,1,0,1,1,1,1,0,0
36927,201.81,Cheque,M,yes,111000,35,0,0,0,1,0,1,1,0,0,0,1
93304,424.56,Card,M,yes,282000,34,0,0,0,0,0,1,0,0,0,0,1
66988,179.59,Card,M,No,123000,43,0,0,0,1,0,1,1,0,0,1,0
55091,402.27,Cash,M,yes,244000,19,0,0,0,0,1,0,1,0,0,0,0
64215,170.99,Cash,M,yes,153000,42,1,0,0,1,1,1,1,0,0,0,0
28629,448.1,Cash,M,yes,262000,31,0,0,0,0,0,0,1,0,0,0,1
98383,338.64,Cash,M,yes,245000,32,0,0,0,1,1,1,0,0,0,0,1
107505,213.63,Cash,F,No,250000,32,0,0,0,0,0,0,0,0,0,0,1
99578,157.68,Card,M,yes,243000,27,0,0,0,0,1,0,0,0,1,0,1
28979,358.49,Cheque,F,No,201000,21,0,0,0,1,0,0,0,1,0,0,1
102733,285.15,Cash,F,yes,172000,24,1,0,0,0,0,0,0,0,0,1,1
81690,373.61,Card,F,yes,239000,36,0,0,0,0,0,0,0,1,0,0,1
25405,364.16,Card,M,yes,276000,36,0,0,0,0,1,0,0,0,0,1,0
85348,402.67,Cheque,F,No,124000,24,0,0,0,0,1,0,0,0,0,0,0
19915,400.86,Cash,F,yes,157000,21,1,0,0,0,1,0,0,0,0,1,0
99387,106.18,Cash,F,yes,165000,49,0,1,0,0,1,0,0,0,0,0,1
32380,111.22,Card,F,No,189000,20,1,0,0,1,0,0,0,1,0,0,0
39914,367.28,Card,F,No,137000,26,1,0,1,0,0,0,0,0,0,0,0
57952,351.48,Cheque,F,yes,269000,48,0,0,0,1,0,0,0,1,0,0,1
64239,275.08,Card,M,No,158000,22,0,0,0,1,0,1,1,1,1,0,0
38014,233.31,Cheque,F,yes,160000,42,0,1,0,1,1,1,0,0,1,0,0
21875,107.26,Cash,F,yes,250000,17,1,0,0,0,0,0,0,1,0,1,0
37939,497.31,Card,M,No,283000,18,1,1,0,0,1,0,0,0,1,0,0
109061,373.48,Cash,F,yes,278000,50,0,1,0,0,0,0,0,1,0,0,1
100754,113.29,Cheque,F,yes,171000,16,1,0,0,1,0,1,0,0,0,1,0
28313,348.88,Cash,F,yes,277000,48,1,0,0,0,0,0,0,1,0,0,1
82753,375.76,Cheque,F,No,232000,42,1,1,1,0,0,0,0,1,0,0,1
105412,183.09,Cash,M,yes,185000,29,0,0,0,0,0,0,1,0,0,0,0
42583,356.75,Cash,F,No,133000,24,0,0,0,0,0,0,0,0,0,0,0
89233,376.83,Card,F,No,284000,17,0,1,0,0,0,0,0,0,0,0,0
76777,437.48,Card,F,yes,269000,28,0,0,0,0,0,0,0,1,0,0,1
16220,347.87,Cheque,M,yes,153000,33,0,0,0,1,0,1,1,0,1,0,1
17864,356.56,Cheque,F,yes,289000,18,1,0,1,0,0,0,0,1,0,1,1
87270,314.86,Cheque,M,yes,213000,29,0,0,1,1,1,0,0,1,0,0,0
34593,358.23,Card,M,No,268000,50,0,0,1,0,1,1,0,1,0,0,0
67697,129.47,Card,M,yes,182000,44,0,0,1,0,0,1,0,0,0,0,0
32302,338.3,Card,F,No,125000,37,0,0,0,0,0,0,0,0,0,0,0
15663,451.9,Card,F,No,197000,45,0,0,0,0,0,0,1,0,0,0,0
108601,141.21,Cash,M,yes,171000,49,0,0,0,0,0,0,0,1,0,1,0
55951,156.79,Card,M,yes,236000,39,0,0,0,0,0,0,0,1,0,0,1
39817,132,Cash,F,No,175000,49,0,0,0,0,0,0,1,0,0,0,0
19613,461.5,Card,F,No,110000,45,0,0,0,0,1,0,0,0,0,0,0
71600,473.23,Cheque,M,yes,124000,33,1,0,0,1,1,1,1,1,0,1,0
96561,303.75,Card,M,yes,170000,29,0,0,0,0,0,0,0,0,0,0,0
90861,382.55,Cash,F,No,186000,29,1,1,0,0,0,0,0,0,0,0,1
68501,153.72,Cheque,F,yes,240000,31,1,1,0,0,0,0,0,0,1,1,0
30132,239.35,Cash,M,yes,157000,23,1,0,1,1,0,1,1,0,0,1,0
78639,320.69,Cash,M,yes,279000,48,0,0,0,0,0,0,0,0,0,1,0
46419,453.23,Card,F,yes,200000,27,0,0,0,0,0,0,0,0,0,0,1
50633,230.63,Cheque,M,No,192000,46,0,0,0,0,0,0,0,0,0,0,1
11553,151.13,Cash,M,yes,283000,27,0,0,0,0,0,0,0,0,0,0,1
65853,206.81,Cash,M,No,175000,33,1,0,1,0,0,0,0,0,0,0,0
47547,428.15,Cash,F,No,169000,46,0,0,0,0,0,0,0,0,1,0,0
38360,350.15,Cash,F,No,147000,27,0,0,0,1,0,0,0,0,0,0,0
107728,169.6,Cheque,F,yes,268000,49,0,1,0,0,0,1,1,1,0,0,0
30390,266.27,Cash,M,No,214000,25,0,0,0,0,0,0,0,0,1,0,0
75815,191.92,Card,F,No,192000,40,0,0,0,0,0,1,0,1,0,0,1
106288,100.92,Cheque,F,No,123000,23,0,0,0,1,0,0,0,0,0,0,1
88596,341.08,Cash,F,yes,284000,38,0,0,1,0,0,0,0,1,1,0,1
93469,327.65,Cheque,M,yes,248000,16,1,0,1,1,1,1,0,0,1,1,0
34756,152.7,Card,F,No,159000,18,0,0,0,0,0,0,0,0,0,0,0
12584,466.32,Card,F,No,174000,29,1,0,0,0,0,0,1,1,0,0,1
107080,294.06,Card,F,yes,251000,43,0,0,0,1,0,0,0,0,0,0,0
73651,141.3,Cash,M,No,117000,22,1,1,0,0,0,0,0,0,0,0,0
54180,430.37,Cash,M,yes,135000,32,0,1,0,1,0,1,1,0,0,0,0
45102,325.51,Cash,M,yes,288000,16,1,0,0,0,0,1,0,0,0,1,0
85475,370.03,Card,M,No,245000,47,1,0,0,0,0,0,0,1,0,0,0
78363,494.13,Card,M,No,106000,18,1,0,0,1,0,1,1,1,0,0,0
23718,378.61,Cheque,M,No,297000,37,0,0,0,1,0,1,0,1,0,1,0
54152,205.95,Card,M,No,244000,38,0,0,0,0,0,1,1,1,0,0,0
93963,491.92,Card,M,No,251000,21,0,1,0,0,0,0,0,0,0,0,0
35561,344.23,Cash,M,No,133000,24,0,0,0,0,0,1,0,0,0,0,1
30371,308.87,Card,F,No,231000,24,1,0,0,0,0,0,0,0,0,0,0
93669,277.03,Cheque,F,yes,216000,37,0,0,0,1,0,0,0,1,0,0,1
70858,209.46,Cash,M,No,176000,46,1,1,0,1,0,0,0,0,0,1,1
103147,438.62,Card,M,No,181000,28,0,0,0,1,0,0,0,0,0,0,0
80198,342.67,Card,F,yes,283000,47,0,0,0,0,0,0,1,1,0,0,1
42459,326.44,Card,F,No,238000,47,0,0,0,0,1,1,0,1,1,0,1
36631,270.51,Cash,M,No,221000,16,0,0,0,0,0,0,0,0,0,0,0
43800,442.83,Card,F,No,279000,36,0,0,0,1,0,0,1,1,0,0,1
60240,219.87,Cash,M,No,238000,45,0,0,0,0,0,0,0,0,0,0,0
29640,285.95,Cash,F,yes,178000,27,0,0,0,1,1,1,0,1,0,0,0
109000,149.64,Cash,F,No,178000,22,0,0,0,1,1,0,0,1,1,0,0
108739,109.73,Cash,M,yes,208000,29,1,0,0,0,0,0,0,1,1,0,1
104165,322.96,Card,M,yes,254000,43,0,0,0,0,0,0,0,1,0,0,0
73630,104.5,Card,F,yes,198000,25,0,0,0,1,1,0,0,1,0,0,0
25765,356.81,Cheque,F,No,300000,25,0,0,0,0,0,0,0,1,0,0,1
84903,328.05,Card,F,yes,296000,17,1,0,0,0,0,1,0,0,1,1,0
99347,346.65,Card,F,No,231000,44,0,1,1,1,0,0,0,1,0,0,1
41157,202.33,Cash,F,yes,152000,40,1,0,1,0,1,1,0,0,1,0,0
20325,153.56,Card,M,No,266000,24,0,1,1,0,0,1,0,1,0,0,0
71462,409.97,Card,F,No,263000,42,0,1,0,0,0,0,0,1,0,0,1
91928,123.63,Card,F,yes,143000,19,1,0,0,0,1,0,0,1,1,1,1
80306,319.96,Cash,F,yes,152000,27,0,0,1,0,1,1,1,1,0,0,0
78113,143.91,Cash,F,No,238000,22,1,0,0,1,0,0,0,1,0,0,0
95488,119.75,Card,F,yes,181000,26,1,0,1,0,0,0,0,0,0,0,0
27720,374.58,Card,F,yes,134000,16,1,0,0,0,0,1,0,0,0,1,0
76264,159.9,Cheque,M,yes,297000,16,1,1,0,0,0,0,0,0,0,1,0
38477,138.16,Cash,M,No,165000,38,0,1,0,0,0,0,0,0,0,0,1
43557,245.05,Cash,F,No,108000,25,1,0,0,0,0,0,0,0,0,0,0
10609,142.38,Cheque,F,yes,167000,41,1,0,0,0,0,0,0,0,0,1,0
73259,168.79,Card,F,yes,247000,42,1,0,0,0,1,0,0,0,0,0,0
18920,453.68,Cash,M,yes,158000,49,0,0,0,1,0,0,0,1,1,0,0
39581,292.52,Cash,F,No,279000,49,0,0,0,0,0,0,0,0,0,0,0
14912,391.55,Cheque,M,No,281000,28,0,0,0,1,0,1,1,1,0,0,0
80438,158.34,Card,M,yes,196000,38,0,0,0,0,0,0,0,1,0,0,1
81034,209.51,Cheque,M,No,128000,28,0,1,0,1,1,1,1,0,0,0,0
89250,436.04,Cash,F,yes,279000,29,0,1,0,0,1,0,0,1,0,0,1
96982,154.96,Card,M,No,153000,49,1,0,0,1,0,1,1,0,0,0,0
89872,156.82,Card,F,No,191000,40,0,0,0,0,0,0,1,0,0,0,0
71140,220.94,Card,M,No,258000,42,0,0,0,0,0,0,1,0,0,0,0
83650,335.58,Cash,F,No,270000,22,0,0,0,0,0,0,0,0,0,1,0
14891,183.91,Cash,F,yes,274000,26,0,0,0,1,0,0,0,0,0,0,0
83523,458.03,Cash,M,yes,174000,40,0,0,0,0,0,0,0,0,0,0,0
48896,304.36,Cash,F,No,172000,22,0,0,0,0,0,0,0,0,0,0,0
68438,234.24,Cash,F,No,217000,46,1,0,0,0,0,0,0,0,0,0,1
86681,150,Cheque,F,yes,135000,50,0,0,0,0,0,0,0,0,0,0,0
66267,156.86,Cash,F,yes,273000,21,1,1,1,0,0,0,1,1,0,1,1
87975,278.2,Card,F,yes,179000,26,0,0,1,0,0,0,0,0,0,1,0
39970,467.4,Cheque,M,No,139000,22,0,0,0,1,0,1,1,0,0,0,0
104111,274.52,Card,F,No,123000,20,0,0,1,0,0,0,0,0,0,1,1
92209,309.04,Cheque,F,No,227000,17,0,1,1,0,1,0,0,0,0,0,0
66711,414.07,Cash,F,yes,154000,48,0,0,1,0,0,0,0,0,0,0,0
102215,131.64,Cash,M,No,144000,47,0,0,0,1,0,1,1,0,0,0,0
34750,219.03,Card,F,yes,278000,48,1,0,0,1,1,0,1,0,0,0,0
62060,407.02,Card,M,No,111000,42,0,0,0,1,0,1,1,0,0,0,0
25524,459.48,Card,M,yes,259000,36,0,0,0,1,1,1,0,0,0,0,0
45992,136.45,Cash,F,No,165000,49,0,0,0,0,0,0,0,0,0,0,0
47341,319.76,Card,M,yes,203000,16,1,0,0,0,0,1,0,0,0,1,1
67799,169.72,Card,F,yes,213000,16,1,0,0,0,0,1,0,0,0,1,1
47136,220.32,Cash,F,yes,244000,43,0,0,0,0,0,0,0,0,0,1,0
17375,127.64,Cheque,M,No,218000,22,0,0,0,0,1,0,0,0,0,0,0
40789,111.86,Cash,F,yes,128000,16,1,0,1,0,0,0,0,0,0,1,1
27673,375.65,Cash,F,No,290000,36,0,0,1,0,0,1,1,1,0,0,1
45375,394.94,Card,M,yes,251000,50,0,0,0,0,1,1,0,0,0,0,0
58341,328.36,Cash,F,No,129000,38,0,0,0,1,1,0,0,0,0,0,0
37523,276.71,Card,F,yes,252000,16,1,1,1,1,0,0,0,1,1,1,0
84042,181.84,Cash,M,yes,142000,27,0,1,0,1,1,1,1,0,0,0,0
64561,236.79,Cash,F,No,282000,33,0,0,0,0,1,0,0,0,1,0,0
71078,108.52,Card,M,No,238000,31,0,0,0,0,0,0,0,0,0,0,0
43044,298.83,Cash,M,No,217000,32,1,1,0,0,0,0,0,0,1,0,0
32369,219.2,Cheque,M,No,235000,21,0,0,0,1,0,0,0,0,0,0,1
31552,362.77,Card,M,No,237000,17,1,0,1,0,0,0,0,0,0,0,1
41805,485.78,Cash,M,yes,163000,25,0,0,0,1,0,1,1,0,0,1,1
46686,295.92,Cheque,F,yes,175000,34,0,0,1,0,0,0,0,0,0,0,0
95896,372.82,Card,M,No,291000,21,0,0,0,0,0,0,0,1,0,0,0
63829,298.57,Card,F,yes,131000,45,0,0,0,0,0,0,1,0,0,0,1
84180,104.23,Cheque,M,No,128000,47,0,0,0,1,0,1,1,0,0,0,0
91972,491.57,Card,F,yes,267000,18,1,0,0,0,0,1,0,1,0,1,1
40542,442.28,Card,F,yes,163000,42,0,0,0,0,0,0,0,0,0,0,0
44452,126.09,Card,F,yes,119000,30,1,0,0,0,1,0,1,0,0,0,0
87151,441.18,Cheque,F,yes,214000,30,0,0,1,0,1,1,0,1,0,1,1
23501,102.25,Cash,M,No,230000,49,0,0,0,0,0,0,0,1,1,1,1
25387,114.15,Card,F,No,149000,36,0,0,0,0,0,0,0,0,0,0,0
96584,173.35,Cash,M,No,266000,39,1,0,0,0,0,0,0,0,1,0,0
15306,223.24,Cash,M,yes,165000,41,0,0,0,1,1,1,1,0,0,0,0
93920,225.39,Card,M,No,161000,18,0,1,0,1,0,1,1,1,0,0,0
103316,293.12,Cash,M,No,179000,46,0,1,0,0,0,0,0,0,0,0,1
17110,127.21,Cash,M,No,147000,45,0,0,0,1,1,1,1,0,0,0,0
71652,340.68,Card,M,No,133000,29,0,0,1,1,0,1,1,0,0,0,0
67211,168.53,Card,F,yes,236000,43,0,0,0,0,0,0,0,0,0,0,0
88886,189.32,Card,M,No,153000,25,0,0,0,1,0,0,0,0,0,0,0
29224,409.48,Card,F,yes,249000,16,1,0,0,0,1,0,1,1,0,1,1
46005,308.59,Card,M,yes,262000,32,0,0,0,0,0,0,0,0,0,0,0
43111,434.37,Cash,F,No,114000,27,0,0,1,1,0,0,0,0,1,0,0
18126,347.13,Card,F,yes,142000,19,1,0,0,1,0,0,0,1,1,1,0
87101,230.97,Cheque,M,yes,150000,23,1,0,0,0,1,1,0,0,0,1,1
102934,377.35,Cheque,F,yes,294000,45,1,0,0,0,0,0,0,1,0,0,1
100328,304.09,Cheque,M,No,107000,36,0,1,0,1,0,1,1,0,0,1,0
94108,213.63,Cash,M,yes,185000,42,0,0,1,0,0,0,0,1,1,0,0
47913,490.67,Cheque,F,yes,289000,25,0,0,1,0,0,0,0,1,0,0,1
17809,396.01,Card,M,No,271000,20,0,0,0,0,0,0,0,0,0,0,1
45019,472.34,Card,M,yes,198000,48,0,1,0,0,0,0,0,0,0,0,0
55552,416.46,Card,M,No,198000,50,1,0,0,0,0,0,0,0,0,1,0
92883,188.2,Card,F,yes,245000,27,1,0,0,0,0,0,0,0,0,0,0
89649,269.62,Cheque,F,yes,282000,24,1,0,0,0,0,0,0,0,0,1,1
38063,360.74,Cash,F,yes,294000,16,1,0,0,0,0,0,0,1,0,1,1
11230,462.79,Cash,M,yes,244000,42,0,0,1,0,0,0,0,0,0,1,1
89302,204.88,Card,F,No,120000,39,0,0,0,0,0,0,0,0,0,1,0
35707,165.34,Cash,M,yes,253000,42,0,0,0,0,0,0,0,0,1,1,0
90264,104.97,Card,M,yes,243000,18,1,0,0,0,0,0,0,0,0,1,0
79875,100.84,Cheque,F,yes,198000,39,0,1,0,0,0,0,0,0,0,0,0
74463,167.07,Card,F,No,254000,36,0,0,0,1,0,1,0,0,1,0,0
56258,215.8,Card,F,yes,145000,48,1,0,0,0,0,0,0,1,1,0,0
81836,329.52,Cheque,M,yes,118000,48,0,0,0,0,0,1,0,0,1,1,0
95026,134.22,Cash,F,No,134000,29,0,0,1,0,0,0,0,0,0,1,1
87482,401.01,Card,F,No,142000,38,1,0,0,0,1,1,0,1,0,0,0
20556,204.1,Card,M,yes,139000,18,1,0,0,0,0,0,1,0,0,1,0
68058,498.86,Cash,F,yes,290000,22,1,0,1,0,0,0,0,1,0,1,1
23845,124.22,Card,F,No,154000,47,0,0,1,0,0,0,1,0,0,0,0
39952,353.36,Card,M,yes,159000,37,0,0,0,1,0,1,1,0,1,0,0
33172,310.65,Card,M,No,197000,48,0,1,0,0,0,0,0,0,0,0,1
71254,171.83,Cheque,F,No,294000,45,0,1,0,0,0,1,0,0,0,0,0
36190,284.13,Cheque,M,No,155000,18,0,0,0,1,0,1,1,0,1,0,0
15099,112.73,Card,M,yes,157000,16,1,0,0,1,0,1,1,0,0,1,0
100256,119.09,Cheque,M,yes,128000,33,0,0,0,1,0,1,1,1,0,0,0
51384,148.69,Cash,F,yes,112000,47,0,0,0,0,0,0,0,0,0,1,0
54190,364.73,Cash,F,No,193000,24,0,0,0,0,0,0,0,0,0,0,0
84756,291.98,Card,M,No,283000,32,0,0,0,0,0,0,0,0,0,1,1
28755,439.94,Cheque,F,No,110000,25,0,0,0,0,0,0,0,0,0,1,1
73480,139.75,Cheque,M,yes,135000,41,0,0,0,1,0,1,1,0,0,0,1
86217,195.37,Card,M,No,143000,43,0,0,0,1,0,1,1,0,0,0,0
91055,247.81,Card,F,No,152000,23,0,0,1,0,0,0,0,0,1,0,0
80297,372.74,Cheque,F,yes,195000,21,1,0,0,0,0,0,0,0,0,1,0
42381,460.62,Cash,M,yes,131000,31,0,0,0,1,1,1,1,1,0,1,0
80954,139.72,Cash,M,yes,148000,45,0,0,1,1,0,1,1,0,0,0,0
106531,116.57,Cash,M,yes,245000,19,1,0,0,0,0,1,0,0,0,1,0
78030,346.46,Card,F,yes,221000,38,0,0,0,0,1,0,0,1,0,0,1
103139,187.96,Cash,F,No,244000,20,0,1,0,1,0,0,0,1,0,0,0
17939,158.75,Cash,F,yes,169000,46,0,0,0,0,0,1,0,0,0,0,0
42056,448.52,Card,F,No,139000,30,0,0,0,0,0,0,0,1,0,1,0
23419,156.2,Cash,F,yes,210000,24,0,0,0,1,1,0,0,1,1,0,0
48783,246.1,Card,M,yes,165000,50,1,0,0,1,0,1,1,0,0,0,0
98204,184.42,Cheque,M,No,127000,18,0,0,1,1,0,1,1,0,0,0,0
67063,400.14,Card,F,No,233000,46,0,1,0,0,0,0,0,1,1,1,1
77335,478.12,Cash,F,yes,298000,40,0,0,0,0,0,0,0,1,1,0,1
32594,209.05,Card,F,No,262000,16,0,0,0,0,0,0,0,0,0,0,0
24493,208.67,Card,M,No,286000,45,1,1,0,0,0,0,0,0,0,1,0
72248,108.36,Cash,M,No,174000,28,0,0,0,0,0,0,0,0,0,0,0
79039,124.45,Card,M,yes,254000,46,0,0,1,0,0,0,0,0,0,0,0
58803,112.92,Cheque,M,yes,135000,39,0,1,0,1,0,1,1,0,0,0,1
87066,108.64,Card,M,No,254000,23,0,0,1,0,0,0,0,0,0,1,0
60159,432.17,Card,M,yes,116000,47,0,0,0,1,0,1,1,0,0,0,0
15629,170.04,Cash,F,No,277000,37,0,0,0,0,0,1,0,0,0,1,0
38608,427.33,Card,M,No,244000,21,0,1,0,0,0,0,1,0,0,0,0
18143,435.88,Cash,F,No,159000,36,1,0,0,0,1,1,0,0,0,0,0
22316,297.57,Cash,F,No,180000,20,0,0,0,1,1,0,0,1,1,0,0
40743,253.73,Card,M,No,192000,24,0,0,1,0,0,0,0,0,0,0,0
79305,186.38,Cheque,F,yes,222000,31,0,0,0,0,1,0,0,1,0,0,0
83439,334.97,Card,F,No,243000,43,0,0,0,0,1,0,0,1,0,1,1
16342,463.81,Card,M,yes,227000,29,0,0,0,0,0,0,0,0,0,0,0
75971,160.29,Card,M,No,198000,44,1,0,1,0,0,0,0,0,0,0,0
31046,165.84,Cash,F,No,197000,25,1,0,0,1,1,1,1,0,0,1,0
13722,362.16,Card,M,yes,181000,19,1,1,1,0,0,0,1,0,0,1,0
93467,116.81,Card,F,yes,252000,27,0,0,0,0,0,0,0,0,0,0,0
40208,231.67,Cash,F,yes,289000,40,1,1,0,0,1,1,0,0,0,0,0
41132,184.41,Cheque,F,yes,199000,42,0,0,0,1,0,0,0,0,0,0,1
64596,421.33,Cash,M,No,245000,28,0,1,1,0,0,0,1,0,0,1,0
46539,383.99,Cheque,M,yes,204000,23,1,0,1,0,1,0,0,0,0,1,0
40690,286.2,Cash,M,yes,248000,45,0,0,0,1,0,1,0,0,1,0,0
51916,247.42,Cash,F,yes,140000,23,0,0,1,0,1,0,1,0,1,0,0
21814,223.74,Card,M,yes,122000,23,0,0,0,1,1,1,1,0,0,0,0
31011,395.62,Card,M,yes,271000,16,1,0,0,1,0,1,1,1,0,1,0
24210,304.33,Card,F,No,183000,50,0,0,0,1,0,1,0,0,0,0,0
10902,267.18,Card,M,yes,253000,47,1,0,0,0,0,0,0,1,0,0,0
106649,258.12,Card,F,yes,137000,22,1,0,0,0,0,0,1,0,0,1,0
31033,415.65,Card,M,yes,178000,47,0,0,1,0,0,0,0,1,0,0,1
68006,114.93,Card,M,No,278000,19,0,1,0,0,0,0,0,0,0,0,0
47638,256.66,Cash,M,No,102000,41,0,0,0,1,0,1,1,0,0,0,0
18953,242.56,Card,F,yes,110000,17,1,0,0,0,1,0,0,0,0,1,1
21347,430.07,Cheque,F,No,159000,24,0,0,0,0,1,1,0,0,0,0,1
38600,474.76,Card,M,yes,225000,48,0,0,0,0,0,0,0,1,0,0,1
104830,214.26,Cash,F,yes,134000,28,0,1,0,0,0,0,0,0,0,1,0
56452,208.23,Cheque,M,yes,257000,48,1,1,0,0,1,0,0,0,0,0,1
18030,129.94,Card,F,No,284000,29,1,0,0,0,1,0,0,0,0,0,0
72901,239.79,Cheque,F,yes,132000,39,0,0,0,0,0,0,1,0,0,0,0
104554,190.62,Cash,M,yes,109000,21,1,0,0,1,0,1,1,0,0,1,0
93162,468.41,Card,M,yes,205000,25,0,0,0,0,0,0,0,0,1,1,1
54313,306.54,Cash,M,yes,276000,22,1,0,0,0,0,0,0,0,1,1,1
89485,183.22,Cash,M,No,253000,28,0,0,0,0,1,1,0,0,0,0,0
61309,225.49,Cheque,M,No,181000,44,0,0,0,0,1,0,0,1,0,0,0
73441,213.57,Card,F,yes,128000,20,1,0,0,0,1,0,0,0,0,1,0
10717,472.7,Card,M,yes,189000,23,1,1,0,0,0,0,0,0,0,1,0
27694,248.95,Card,M,No,147000,41,0,0,1,1,1,1,1,0,1,0,0
69380,340.37,Cheque,F,yes,216000,40,0,0,0,0,0,0,0,1,0,0,1
26885,331.86,Cash,M,No,132000,28,0,0,1,1,0,1,1,0,0,0,0
90730,295,Cash,M,yes,146000,36,0,0,0,1,0,1,1,0,1,0,0
69110,118.48,Cash,M,yes,148000,16,1,0,0,1,1,1,1,1,0,1,1
86612,297.83,Card,M,No,249000,27,0,1,0,0,0,0,0,0,0,0,0
93353,368.04,Card,F,yes,225000,40,0,0,1,1,1,0,0,1,0,0,1
25311,475.45,Card,M,No,294000,24,1,1,0,0,0,0,0,1,0,0,0
81487,200.76,Cheque,M,yes,185000,25,0,0,1,0,0,1,1,0,0,0,0
18331,478.98,Card,F,No,274000,20,1,0,0,0,0,1,0,1,0,0,1
84148,491.79,Cheque,F,yes,209000,22,1,0,0,0,0,0,1,1,0,1,1
83500,492.5,Card,M,No,283000,21,0,0,0,1,1,0,0,0,0,1,1
29316,345.2,Card,M,yes,108000,39,0,0,0,1,0,1,1,0,1,0,0
82173,157.51,Cash,F,yes,278000,22,1,0,0,0,1,0,1,0,0,1,0
62264,433.34,Card,M,No,182000,26,0,0,0,0,0,0,0,0,0,0,1
14875,185.15,Cheque,M,No,297000,36,0,1,0,0,0,0,1,1,0,0,0
73594,130.88,Cheque,F,yes,121000,41,0,0,1,0,0,0,0,0,0,0,0
79384,224.56,Card,F,yes,126000,45,0,0,0,0,0,0,0,0,0,1,0
63138,169.6,Cheque,M,yes,171000,22,1,0,0,0,0,1,0,0,0,1,0
58144,288.3,Card,F,yes,291000,38,0,0,0,0,1,1,0,0,0,0,0
103446,253.56,Card,M,No,171000,23,0,0,1,0,1,0,0,0,0,0,0
28994,112.16,Cash,F,yes,185000,18,1,0,0,0,1,0,0,0,0,1,0
72298,410.62,Cash,M,No,176000,25,0,0,0,0,0,0,1,0,0,0,0
69884,189.1,Cash,M,No,218000,30,0,0,0,0,0,0,0,0,1,0,1
68119,151.8,Cheque,F,No,129000,25,0,0,0,0,1,0,0,0,1,0,1
14692,408.87,Card,F,No,144000,19,0,0,0,1,0,0,0,1,0,0,0
52530,280.82,Cash,F,yes,184000,35,0,0,0,0,0,0,0,0,1,0,0
28803,419,Cheque,M,No,132000,38,0,0,0,1,0,1,1,0,0,1,0
86983,433.44,Card,F,yes,202000,17,1,1,0,0,1,0,0,1,0,1,1
72454,441.26,Cash,F,No,259000,27,0,0,0,0,0,0,1,1,0,0,1
50551,276.47,Card,F,yes,135000,27,1,0,1,1,0,1,0,0,1,0,0
92868,483.54,Cheque,M,yes,250000,40,0,0,0,1,0,1,0,1,0,0,0
20991,375.07,Card,M,No,105000,25,0,0,0,1,0,1,1,0,0,0,0
98352,460.62,Card,F,yes,133000,36,0,0,0,0,1,1,0,0,0,1,0
30239,423.71,Card,M,No,161000,17,1,0,1,0,0,0,0,0,1,0,0
15882,207.03,Cash,M,No,147000,20,0,0,0,1,0,1,1,0,0,0,0
30989,259.13,Card,F,yes,199000,50,0,0,0,0,0,0,0,0,0,0,1
107499,123.96,Cash,F,No,248000,28,0,0,0,0,0,0,0,1,1,0,0
70336,453.32,Cash,F,No,122000,20,1,0,1,0,0,0,0,0,0,0,0
47598,429.42,Card,F,No,239000,40,1,0,0,0,0,0,1,1,0,0,1
17590,301.2,Card,M,No,172000,49,0,0,0,0,0,0,0,0,0,0,0
20260,131.24,Cheque,M,No,213000,21,0,0,0,1,0,0,0,0,0,0,1
50531,374,Card,F,No,107000,36,1,1,1,0,0,0,0,0,0,0,0
42653,140.5,Card,M,No,253000,49,0,0,0,0,0,0,0,0,1,0,0
94685,317.56,Card,M,No,256000,29,0,1,1,0,0,0,0,0,0,0,0
11818,319.05,Card,F,No,292000,48,0,1,0,0,0,0,0,0,0,0,0
25668,219.57,Cheque,F,No,135000,19,0,0,0,0,0,0,0,1,0,0,1
53959,408.68,Cash,F,No,168000,27,0,1,1,0,0,0,1,0,1,0,1
55992,172.85,Cash,M,No,257000,30,0,0,0,0,1,0,0,0,1,1,0
85081,382.58,Card,F,No,209000,29,1,0,0,0,0,0,1,1,0,0,1
104800,132.57,Card,M,yes,268000,29,0,0,0,0,0,0,1,0,0,0,0
92125,157.94,Card,F,yes,228000,17,0,0,0,1,0,0,0,0,0,0,0
107314,429.34,Cash,M,yes,159000,26,0,0,0,1,0,1,1,1,0,0,0
29192,212.65,Cash,M,yes,215000,29,0,1,0,0,0,0,0,0,0,0,1
90933,262.11,Card,M,No,299000,31,0,0,0,0,0,0,0,0,0,0,0
48749,184.71,Card,F,No,211000,30,0,0,0,0,0,0,0,0,0,1,0
49658,172.07,Card,M,No,176000,40,0,1,0,1,0,0,0,0,1,0,1
20521,463,Cash,M,yes,282000,44,1,0,0,1,0,0,0,1,0,0,0
75663,208.37,Card,F,No,234000,29,0,1,0,0,1,0,0,0,0,0,0
65425,230.24,Card,F,No,143000,25,0,0,1,0,0,0,1,0,0,0,0
67133,366.91,Cheque,M,yes,118000,39,0,0,0,1,0,1,0,1,0,0,1
62455,352.52,Card,F,No,168000,43,0,0,0,0,0,0,0,0,0,1,0
100255,226.79,Cheque,M,yes,231000,30,0,0,0,0,0,0,0,1,0,0,0
15590,440.7,Cash,M,yes,208000,41,1,0,0,1,0,0,0,0,0,1,0
46278,340.07,Card,M,yes,234000,40,1,1,0,1,0,0,1,0,0,0,0
12582,256.01,Cash,M,yes,196000,23,1,1,0,0,0,0,1,1,0,1,0
38723,171.59,Cheque,F,yes,284000,16,1,0,0,0,0,0,1,0,1,1,0
47251,464.06,Card,F,No,291000,43,1,1,0,1,0,0,0,1,1,1,1
109798,151.33,Cash,M,No,173000,33,0,0,0,0,0,1,0,0,0,0,0
59349,284.93,Card,M,No,162000,18,1,0,0,1,0,1,1,0,1,0,0
17830,280.19,Card,F,yes,151000,47,1,0,0,0,1,0,1,0,0,1,0
69401,367.54,Cash,F,yes,227000,25,1,0,0,0,1,0,0,1,0,0,1
103708,260.61,Cash,F,No,280000,29,0,0,0,0,0,0,0,1,0,1,0
27664,356.36,Cash,F,No,195000,26,1,0,1,0,1,1,0,0,1,1,0
102206,276.68,Card,F,yes,217000,41,1,0,0,1,0,0,0,0,0,0,0
51732,410.69,Cash,M,No,153000,33,0,1,0,1,0,1,1,0,0,0,0
28630,304.98,Cheque,F,yes,151000,39,0,0,0,0,1,0,0,0,0,1,0
36857,461.32,Cash,M,No,191000,49,0,1,0,0,0,0,0,0,0,0,0
82419,197.25,Cheque,F,No,262000,31,0,1,0,1,0,0,1,0,0,0,0
103385,228.29,Cash,M,yes,125000,16,1,1,0,1,0,1,1,0,0,1,0
87793,468.84,Cash,F,yes,217000,40,0,0,0,0,0,1,0,1,0,1,1
94341,224.62,Card,M,yes,163000,17,0,0,0,1,0,1,1,1,0,0,0
19078,388.52,Cash,M,No,203000,28,1,0,0,0,0,0,0,0,0,0,1
109376,431.1,Cash,M,No,164000,21,0,0,0,0,0,0,0,1,0,0,0
58235,481.14,Cash,F,yes,234000,45,0,0,0,1,0,0,0,1,0,0,1
33233,247.74,Card,M,No,272000,28,0,1,0,0,0,0,0,1,0,0,0
83883,230.34,Card,F,No,178000,47,0,0,0,0,0,0,0,1,0,0,1
69718,433.97,Card,F,No,294000,29,0,0,0,0,0,0,0,1,1,0,1
105829,270.83,Cheque,F,No,109000,23,0,1,0,0,0,1,0,0,0,0,0
39221,353.1,Card,M,yes,231000,43,0,1,0,0,1,0,0,0,0,0,0
98809,455.9,Card,F,yes,207000,19,1,0,0,0,0,1,1,1,0,1,1
14759,148.67,Card,M,No,266000,24,0,0,1,1,0,0,0,0,1,0,0
40659,274.8,Card,M,No,150000,39,0,0,0,1,0,1,1,0,0,0,0
95915,173.13,Cash,M,yes,118000,35,0,0,0,1,1,1,1,0,0,0,0
47421,287.4,Cash,M,No,174000,49,0,0,0,0,0,0,0,0,0,0,0
105601,407.65,Card,M,No,161000,42,0,0,0,1,1,1,1,0,0,0,0
89209,241.62,Cheque,M,No,254000,19,0,0,0,0,0,0,0,1,0,0,0
69754,440.79,Cash,M,No,259000,24,0,0,1,0,0,0,0,0,1,0,0
17133,213.28,Card,M,No,217000,22,1,0,0,0,0,1,0,1,1,0,0
11119,294.2,Cheque,F,No,120000,27,0,0,0,0,0,0,0,0,1,1,1
57615,467.91,Card,M,No,197000,41,1,0,0,0,1,0,0,0,0,0,1
61270,319.03,Card,M,yes,285000,49,0,0,0,0,0,0,0,1,0,0,0
11220,236.32,Card,M,No,114000,27,0,0,0,1,0,1,1,0,0,0,1
47645,356.41,Cash,F,yes,130000,35,0,0,0,0,0,0,0,0,0,0,0
32444,242.58,Cash,F,yes,282000,17,1,0,1,0,0,0,0,0,0,1,0
93037,191.76,Cash,F,yes,295000,41,0,0,0,1,0,0,0,1,0,1,0
34809,327.94,Cash,F,yes,113000,38,0,0,0,0,1,0,0,0,0,0,0
57582,246.69,Cash,M,No,299000,39,0,0,1,0,1,0,0,0,0,0,0
59184,124.8,Cash,F,yes,149000,36,0,1,0,0,0,0,0,0,0,0,0
27682,182.96,Cheque,F,No,155000,47,0,0,0,0,0,0,1,0,0,1,1
56851,216.4,Card,M,yes,134000,29,0,0,0,1,0,1,1,0,0,0,0
12312,192.17,Card,F,No,256000,34,0,1,0,0,0,1,0,0,1,0,0
53953,269.72,Card,F,yes,111000,48,1,1,0,0,0,0,0,0,1,0,0
81616,438.68,Card,F,No,127000,21,1,0,0,1,1,0,0,0,0,0,1
37366,432.52,Cash,M,yes,188000,19,1,0,1,0,1,0,0,0,0,1,0
97512,174.56,Cheque,F,yes,128000,32,0,1,0,0,0,0,0,0,1,0,0
49769,200.58,Card,M,No,263000,19,0,1,0,0,0,0,0,0,0,0,0
47307,298.81,Card,F,yes,114000,45,0,0,0,0,0,0,0,0,0,0,0
25180,115.29,Cheque,M,No,290000,38,0,0,0,0,0,0,0,0,0,0,0
98023,263.64,Card,F,No,202000,20,0,0,0,0,0,1,0,0,0,1,0
32669,498.04,Cash,M,No,156000,46,1,0,0,0,0,1,0,0,0,0,0
61255,495.66,Cash,F,yes,283000,31,0,0,1,0,0,0,0,1,1,0,1
101414,268.28,Card,F,yes,190000,38,0,0,0,0,0,0,0,1,0,0,0
24686,382.77,Card,F,yes,278000,28,0,0,1,0,0,0,1,1,0,1,1
37114,480.39,Cash,M,yes,162000,37,0,0,0,1,0,1,1,0,0,1,1
94790,397.01,Card,M,yes,198000,31,0,0,0,0,1,0,0,0,0,1,0
105007,446.82,Card,F,yes,283000,45,0,0,1,0,0,0,0,1,0,0,1
38645,472.09,Cash,F,No,219000,20,1,0,0,0,1,0,1,1,0,1,1
37567,417.77,Card,M,yes,264000,46,0,1,1,0,0,1,0,0,0,0,0
62993,360.89,Card,F,No,278000,45,0,0,1,0,0,0,0,0,0,0,0
12547,323.07,Card,M,No,168000,35,0,0,0,1,1,1,1,0,0,0,0
106654,479.56,Cheque,M,No,190000,44,0,0,0,0,0,1,0,0,1,0,0
59389,395.68,Card,F,yes,145000,29,0,0,0,1,0,0,0,0,0,0,0
104327,262.23,Cheque,F,yes,280000,45,0,0,0,1,0,0,0,1,0,0,0
87250,390.22,Card,F,No,117000,43,0,1,0,0,0,0,0,0,0,0,0
27371,387.43,Cheque,F,yes,264000,25,0,0,0,0,0,1,0,0,0,1,0
91545,123.51,Card,M,No,228000,45,0,0,1,0,0,0,0,0,0,0,0
71276,363.38,Card,F,yes,103000,45,0,0,0,1,0,1,1,0,0,0,0
109551,406.11,Cash,M,No,235000,35,0,0,0,0,0,0,1,1,0,0,0
50961,240.28,Cash,F,No,166000,16,0,0,0,0,0,0,1,0,0,0,0
72979,213.6,Cheque,M,No,232000,18,0,0,0,0,0,1,0,0,1,0,1
50104,256.03,Cash,M,yes,138000,23,1,0,0,0,0,0,1,0,0,1,0
13893,248.04,Card,F,No,172000,19,0,1,0,1,1,1,0,0,0,1,0
12800,257.38,Card,F,No,230000,49,1,0,0,0,0,0,0,0,0,0,0
89460,334.19,Cash,M,No,153000,16,1,0,0,1,0,1,1,0,0,0,1
63779,459.01,Cheque,F,yes,113000,48,0,0,0,0,0,0,0,0,1,0,0
29483,291.14,Cheque,M,No,254000,16,1,0,0,0,0,0,0,0,0,0,0
83127,412.9,Cheque,M,yes,211000,21,1,0,0,0,0,0,0,0,0,1,0
96371,402.23,Cash,M,No,211000,37,0,0,1,0,0,0,0,0,0,0,0
66886,106.84,Cash,M,No,251000,41,1,0,1,0,1,0,0,0,0,0,0
66940,439.61,Card,F,yes,221000,35,0,0,0,0,0,0,0,1,1,1,1
36191,464.27,Cheque,F,yes,114000,24,1,0,1,0,0,1,1,0,0,1,0
29625,183.86,Cash,M,No,203000,43,0,0,0,0,0,0,0,0,0,0,0
93393,354.56,Cash,M,yes,271000,37,1,1,0,0,0,0,1,0,0,0,0
60890,446.31,Card,M,yes,158000,28,0,1,0,1,0,1,1,0,1,1,1
18464,209.38,Card,M,No,243000,22,0,0,0,1,0,0,0,0,0,0,0
75130,391.49,Cheque,F,No,105000,33,1,0,0,0,0,0,1,0,0,0,0
64281,177.18,Card,M,yes,110000,47,1,0,1,1,0,1,1,1,0,1,0
84937,248.07,Cheque,F,yes,255000,43,1,0,0,0,0,0,1,0,0,0,0
58388,187.7,Cheque,M,yes,238000,39,0,0,0,0,1,0,1,0,1,0,0
106314,241.03,Cash,F,yes,108000,37,0,0,0,1,1,0,0,0,0,0,0
34529,431.95,Card,F,yes,198000,18,1,0,0,0,1,0,0,0,0,1,1
56220,126.15,Card,F,No,125000,28,0,1,0,0,1,0,0,0,0,0,0
49085,261.93,Card,M,yes,294000,25,0,0,0,0,0,0,0,1,0,1,1
84497,382.91,Card,F,No,230000,31,0,0,0,0,1,0,0,1,0,0,1
90165,108.55,Cheque,F,No,107000,24,0,0,0,1,0,0,0,0,0,0,0
98626,275.05,Cheque,F,No,248000,42,0,0,1,1,0,0,0,0,0,1,1
96289,161.35,Card,M,yes,139000,47,1,0,0,1,0,1,1,0,0,0,0
78598,486.57,Cash,M,yes,281000,30,0,0,0,0,0,0,0,1,0,0,1
37571,180.64,Cash,M,yes,207000,38,0,1,0,1,0,0,0,1,1,0,0
42689,122.03,Card,F,yes,200000,40,1,0,0,0,0,0,0,0,0,0,1
102421,192.27,Cash,M,No,147000,25,0,0,0,0,1,0,0,0,1,1,0
75792,312.01,Cash,M,yes,270000,50,0,0,0,0,0,0,0,1,0,0,0
71604,181.72,Card,M,No,256000,49,0,0,1,0,0,0,1,0,0,1,0
102348,149.2,Card,M,No,243000,36,0,0,0,0,0,0,0,0,0,0,0
28233,408.1,Cash,F,No,299000,50,1,0,0,0,0,0,1,1,0,1,1
72902,465.44,Cash,F,No,253000,16,0,0,1,0,0,0,0,1,1,0,1
102703,400.43,Card,M,No,300000,32,1,1,0,0,1,0,0,0,1,0,0
50645,316.98,Cheque,F,No,300000,45,0,1,0,0,0,1,0,0,0,0,0
40282,335.2,Cash,F,No,205000,42,0,0,1,0,0,1,0,1,0,0,1
94015,481.99,Cheque,F,yes,205000,24,1,0,0,0,0,0,0,1,0,1,1
98696,311.95,Cash,M,No,138000,39,0,0,0,0,0,0,0,1,0,0,1
43401,294.4,Cash,M,yes,116000,24,1,0,0,1,0,1,1,0,0,1,0
106585,236.47,Cash,M,yes,210000,50,0,0,0,1,1,0,1,0,0,0,0
106792,374.77,Cash,M,yes,188000,45,0,0,0,0,0,0,0,0,0,0,0
34702,263.76,Card,M,No,291000,25,1,0,0,0,0,0,0,0,0,1,0
19999,171.6,Card,F,yes,236000,44,1,0,0,1,0,1,0,0,0,1,0
76145,275.54,Card,F,yes,298000,27,0,1,0,0,1,0,0,0,0,0,0
84033,434.2,Cash,F,No,166000,31,0,1,0,1,0,0,0,1,0,0,0
50142,177.87,Card,M,No,245000,23,0,0,0,0,0,0,0,1,0,0,0
96474,445.13,Cheque,F,No,249000,40,0,0,0,0,0,0,0,0,0,0,0
101699,151.18,Card,M,No,278000,35,0,0,1,0,1,1,0,0,0,0,0
23380,364.9,Cheque,M,yes,232000,43,0,0,0,0,0,0,0,0,0,1,0
63368,424.06,Card,M,yes,130000,38,1,0,0,1,0,1,1,0,0,0,0
32392,161.58,Card,M,yes,276000,22,1,0,0,0,0,0,0,0,0,1,0
79577,412.51,Card,F,No,226000,38,0,1,0,0,0,0,0,1,0,0,0
30558,165.85,Card,F,No,238000,34,0,0,0,0,0,0,0,0,0,1,0
103166,255.92,Cash,F,yes,259000,33,0,1,1,0,0,0,0,1,0,0,0
64053,311.79,Cheque,F,yes,272000,36,0,0,0,0,0,0,0,1,0,0,0
28081,261.12,Card,M,yes,154000,16,1,1,0,0,1,0,1,0,0,1,1
106044,361.33,Card,M,yes,145000,29,1,0,0,1,0,1,1,1,0,1,0
11241,338.9,Cheque,M,yes,135000,22,1,1,0,1,0,1,1,0,0,1,0
11966,221.87,Card,M,yes,104000,16,1,0,1,0,0,0,0,0,0,1,1
15835,243.64,Cash,F,No,171000,41,0,0,0,0,0,0,0,0,0,1,0
107714,221.96,Card,F,No,202000,21,1,1,1,0,1,0,0,0,1,0,0
29095,467.09,Cheque,M,yes,159000,42,0,0,0,1,0,1,1,1,0,0,0
98635,339.48,Cash,F,No,267000,22,0,1,0,0,0,0,0,1,0,0,1
20849,449.82,Cash,F,yes,300000,30,0,0,1,1,0,0,0,1,1,1,1
87703,277.08,Cash,M,yes,272000,20,1,0,0,0,1,0,0,0,0,1,1
54981,492.2,Cash,M,No,248000,17,0,0,0,1,1,0,0,1,0,0,0
51818,166.52,Card,M,yes,263000,34,1,0,0,0,0,0,0,0,0,0,0
15650,487.55,Card,M,No,223000,28,0,0,0,0,0,0,0,0,0,1,0
56097,467.18,Cash,F,No,234000,25,0,0,0,0,0,0,0,1,0,0,1
54172,104.02,Cheque,F,No,198000,46,0,1,0,0,0,0,1,0,0,1,0
103749,347.5,Card,F,No,210000,21,0,0,1,0,0,0,0,0,0,1,0
98409,326,Cash,F,yes,249000,35,0,0,0,0,0,0,0,1,0,0,1
57762,267.96,Cash,M,No,207000,36,1,0,0,0,1,0,0,0,0,0,0
82901,398.34,Cash,F,yes,226000,33,0,0,0,0,0,0,0,1,0,0,1
88972,318.54,Cash,M,yes,192000,22,1,0,0,0,0,0,0,1,0,1,0
73383,139.75,Card,M,yes,180000,31,0,0,0,0,1,0,0,0,0,0,0
42163,449.98,Cash,M,yes,293000,29,1,0,0,0,0,0,0,0,0,0,0
41841,182.81,Cash,M,yes,215000,40,1,1,1,1,0,0,0,0,1,0,1
39077,205.74,Card,M,yes,282000,34,0,1,0,0,1,0,0,0,0,0,0
70014,174.93,Card,M,yes,287000,25,0,0,0,1,0,0,0,1,0,0,0
78428,123.79,Card,F,No,139000,38,0,0,0,0,0,1,0,0,1,0,0
23784,257.55,Cash,F,No,185000,20,0,0,1,0,0,0,0,0,0,0,0
26291,140.89,Card,F,No,171000,49,0,1,0,0,0,0,0,1,1,0,0
88549,375.92,Card,M,yes,226000,20,1,0,0,0,0,1,0,0,1,1,0
90911,305.2,Cash,F,yes,171000,16,1,1,0,0,0,1,0,0,0,0,0
17470,190.75,Cash,F,yes,269000,42,0,0,0,0,0,1,1,0,0,1,1
94531,327.65,Cash,M,No,278000,41,0,1,0,0,1,1,0,0,0,0,0
90462,100.72,Cash,M,yes,103000,36,0,1,0,1,0,1,1,1,0,0,0
108003,125.1,Card,F,yes,294000,34,0,0,0,1,0,0,0,1,0,1,0
87953,162.09,Card,M,No,225000,22,0,0,0,0,1,1,0,0,0,1,0
36863,394.7,Card,F,No,255000,34,0,0,1,0,0,0,0,1,0,0,1
28138,409.45,Cash,F,No,122000,32,0,0,0,0,0,0,0,0,0,1,0
69965,387.87,Card,M,yes,223000,21,1,0,1,0,0,0,1,0,0,1,0
100047,241.95,Cheque,F,yes,270000,23,1,0,0,1,0,0,0,0,0,1,0
13325,412.8,Card,F,yes,205000,48,0,0,0,0,0,0,0,1,0,1,1
17747,338.6,Card,M,No,199000,37,0,0,0,0,0,0,0,0,0,1,0
61618,344.74,Cheque,F,No,156000,49,0,0,0,1,0,0,0,0,0,0,1
97148,493.47,Card,F,yes,235000,34,0,0,0,1,0,0,1,1,1,0,1
28977,372.65,Card,M,yes,113000,33,0,1,0,1,1,1,1,0,1,0,0
37784,490.63,Card,M,No,174000,41,0,0,0,0,1,0,0,0,0,0,0
29107,323.86,Cash,F,yes,155000,21,0,0,0,0,1,1,0,0,0,0,0
63979,391,Card,M,No,204000,17,0,0,0,0,1,0,1,0,1,0,0
106290,330.48,Cheque,M,No,170000,35,0,0,1,0,0,0,0,0,0,0,0
90562,290.08,Cash,M,No,243000,24,0,0,0,1,1,0,0,0,0,1,0
99457,382,Card,F,yes,117000,16,1,1,0,1,0,0,0,0,0,1,0
25097,200.1,Cash,M,yes,219000,40,0,0,0,1,1,1,0,0,1,0,0
70359,351.13,Cheque,F,No,144000,46,1,0,0,0,0,0,0,0,0,1,0
87450,482.05,Card,F,No,179000,38,0,0,0,0,0,1,0,0,0,1,0
23682,297.18,Cheque,M,No,168000,48,0,0,0,1,0,1,1,1,0,0,0
66551,438.67,Cash,M,yes,220000,30,0,0,1,0,0,0,0,0,0,1,0
49225,138.21,Card,F,No,163000,43,0,0,0,0,0,0,0,0,0,0,0
13518,163.79,Card,F,No,254000,50,0,0,0,0,0,0,0,0,0,0,0
69802,435.42,Cash,F,No,110000,33,0,0,0,1,0,0,1,0,0,0,0
77419,297.39,Card,M,No,167000,36,0,0,0,1,0,1,1,0,0,0,1
59590,279.82,Card,M,No,162000,26,0,0,1,1,0,1,1,0,1,0,0
108832,278.6,Cheque,F,yes,152000,37,0,0,0,0,0,0,0,0,0,1,0
60688,371.07,Cash,M,yes,244000,38,0,0,0,0,0,0,0,0,0,0,0
79001,385.51,Card,F,No,206000,24,0,0,0,0,0,0,0,1,0,1,1
26396,227.65,Card,M,No,271000,47,0,0,0,1,0,0,0,0,0,0,0
91986,351.61,Cash,F,No,198000,26,0,1,0,1,0,0,0,0,0,0,0
36040,373.03,Cash,M,yes,281000,26,0,0,0,0,0,1,0,1,1,0,0
107876,218.93,Cheque,M,yes,176000,44,0,0,0,0,0,0,1,1,0,1,0
71832,358.77,Card,F,yes,133000,43,0,0,0,0,1,0,0,0,0,1,0
66618,305.01,Cash,F,yes,153000,50,1,1,0,1,1,0,0,0,0,0,0
52128,136.85,Card,M,No,290000,29,0,0,0,1,0,1,0,0,0,0,0
17201,377.74,Card,M,yes,261000,16,1,0,0,1,0,0,0,1,0,1,0
32646,265.31,Cheque,M,No,151000,40,1,0,0,1,0,1,1,0,0,1,1
15109,135.35,Card,M,No,195000,49,0,0,0,0,0,1,0,0,0,0,0
16055,405.41,Cash,M,No,293000,38,0,0,0,0,0,0,0,0,0,1,0
61789,143.52,Cash,M,yes,251000,37,0,0,0,1,0,0,1,0,0,1,0
10236,420.57,Cash,F,No,177000,44,0,0,0,0,0,1,1,0,0,0,0
39081,475.8,Cheque,M,No,106000,18,0,1,1,1,1,1,1,1,1,0,0
60820,329.8,Cash,F,yes,123000,20,0,0,0,1,0,0,0,0,0,0,0
55625,448.62,Card,F,yes,274000,38,1,1,0,0,1,0,0,1,1,0,1
14630,195.78,Cash,M,yes,152000,31,0,0,0,1,0,1,1,0,0,0,0
89106,466.62,Cheque,F,No,289000,32,0,1,0,0,1,0,0,1,0,0,1
52359,262.05,Cheque,F,yes,103000,16,1,0,0,0,0,1,0,1,0,1,0
85472,145.03,Card,F,No,208000,48,0,0,1,0,0,0,0,0,0,1,1
14368,349.17,Cheque,F,yes,228000,31,0,0,0,0,1,0,0,1,0,0,1
31921,344.26,Cheque,M,No,116000,32,1,0,0,0,0,0,0,1,0,0,0
10150,411.35,Card,F,yes,107000,36,1,0,0,0,0,0,0,0,1,0,0
59352,494.21,Cash,F,No,213000,24,0,0,0,0,0,0,0,1,0,1,1
10614,190.42,Cash,M,yes,259000,25,0,0,0,0,0,0,0,0,1,0,0
58566,376.64,Cash,M,yes,187000,46,0,1,0,0,0,0,0,0,1,0,0
95655,255.8,Cash,F,yes,135000,42,0,0,0,1,0,1,0,0,1,1,0
10451,150.17,Cheque,M,yes,125000,19,0,0,0,1,0,1,1,0,0,0,1
28597,192.05,Card,M,No,164000,18,0,0,0,1,1,1,1,0,0,0,0
13903,291.64,Cash,F,yes,178000,32,1,1,1,1,1,0,0,0,1,0,0
69774,254.47,Cash,M,No,159000,45,0,0,0,1,0,1,1,1,1,0,0
33697,219.79,Cash,M,No,197000,25,0,0,0,0,1,0,0,1,0,0,1
101784,330.38,Cash,M,yes,202000,39,0,0,0,1,1,0,0,0,0,0,0
60073,116.56,Card,M,No,226000,34,0,0,0,0,0,0,0,1,0,1,0
35979,277.47,Card,M,yes,190000,35,0,0,0,0,0,0,0,0,0,1,0
99046,236.45,Cash,M,yes,292000,49,0,0,0,0,0,0,1,0,1,0,0
40579,495.42,Cash,F,No,246000,45,0,0,0,0,0,0,0,1,0,0,1
48893,283.28,Cheque,F,No,106000,49,0,0,0,0,0,0,0,0,0,0,1
109048,425.79,Card,M,yes,247000,49,1,0,0,1,0,0,1,1,0,1,0
25256,396.93,Card,M,yes,216000,40,0,1,1,0,0,1,0,0,0,0,1
30504,275.03,Cheque,F,yes,196000,37,0,1,0,0,0,0,0,0,0,1,0
33167,242.18,Cash,F,yes,286000,21,0,0,0,0,0,1,1,0,0,0,0
43228,400.92,Cash,M,yes,286000,44,1,0,0,0,0,0,0,0,0,0,0
104011,195.89,Card,F,yes,191000,42,0,0,0,0,0,0,0,1,1,0,0
52451,490.56,Cheque,M,yes,228000,47,0,1,1,0,0,0,0,1,0,0,0
75274,322.88,Card,M,yes,204000,23,1,0,0,1,0,0,0,0,1,1,0
19193,223.49,Card,M,yes,287000,21,0,0,0,0,0,0,0,1,1,0,1
32408,385.7,Cash,F,No,124000,32,0,0,0,0,0,0,1,0,0,0,0
96333,275.58,Card,M,yes,296000,26,0,0,0,1,0,0,0,0,0,0,0
99410,411.35,Cash,F,yes,130000,40,0,0,1,0,0,0,0,0,0,0,0
58343,133.66,Card,M,No,207000,44,0,0,1,0,0,0,0,0,0,0,1
12938,494.83,Cheque,F,yes,126000,27,0,0,0,1,0,1,0,0,1,0,0
52903,386.38,Cash,M,No,241000,32,0,0,0,0,0,0,0,0,0,0,0
20844,243.92,Cash,F,No,136000,45,0,0,0,0,1,0,0,0,0,0,0
84605,178.49,Cheque,F,No,173000,48,1,0,0,0,0,0,0,0,0,0,0
83340,271.35,Cash,F,No,125000,44,0,0,0,0,0,0,1,1,1,0,0
34605,457.7,Card,F,No,220000,49,0,0,0,1,1,0,0,1,1,0,1
106494,465.81,Card,F,No,187000,44,1,0,0,0,0,0,1,1,0,0,0
99624,209.33,Cheque,F,yes,244000,36,1,0,0,0,0,0,0,1,1,0,0
47923,260.39,Card,M,No,240000,38,0,0,1,1,0,0,1,0,1,0,0
71607,234.97,Cash,F,yes,253000,23,1,0,1,0,0,0,0,0,0,1,1
103485,236.34,Cash,M,No,252000,20,0,0,0,0,0,0,1,0,0,0,0
27890,222.41,Card,M,No,239000,26,0,1,0,0,0,1,0,0,0,0,0
81851,139.83,Card,F,yes,176000,19,1,0,1,0,0,0,0,0,0,1,1
36364,197.25,Card,F,No,176000,48,0,0,0,0,1,0,0,0,0,1,0
36951,129.53,Cheque,F,No,117000,32,0,0,0,0,0,0,1,0,0,0,1
106004,319.12,Cash,M,No,262000,27,0,0,0,0,0,0,0,1,1,0,0
40949,101.17,Cash,M,No,160000,39,1,0,1,1,1,1,1,0,0,0,0
35904,380.6,Cheque,F,yes,284000,20,1,0,1,1,0,0,0,0,1,1,1
106489,140.77,Card,F,No,161000,41,0,0,0,0,0,0,0,0,0,0,0
80578,306.86,Card,F,No,108000,40,0,0,0,0,0,0,1,0,0,0,1
109504,328.44,Card,M,No,274000,21,0,1,1,0,0,0,0,0,0,0,1
28528,407.11,Cheque,F,No,276000,45,0,0,0,0,1,0,0,1,0,0,1
70664,368.27,Cash,M,yes,226000,47,0,0,0,0,0,0,0,0,0,0,0
65088,119.4,Cheque,M,yes,270000,19,1,1,0,0,0,0,0,0,0,1,1
90147,188.33,Cash,M,No,278000,30,0,0,1,0,0,0,0,0,0,0,0
28498,342.3,Cheque,F,yes,124000,38,0,0,0,0,0,0,0,1,0,0,0
79890,374.33,Cheque,F,yes,181000,50,0,0,1,0,0,0,0,0,0,1,0
42927,256.37,Card,F,No,146000,24,0,0,0,0,0,0,0,0,0,0,0
91913,428.92,Cash,M,yes,132000,45,0,0,0,0,0,0,1,0,1,0,0
32083,114.41,Cheque,M,yes,188000,42,0,1,1,0,1,0,0,0,0,0,0
100918,184.9,Cash,M,No,139000,27,0,0,0,1,1,1,1,0,0,0,0
89406,132.18,Cash,F,No,165000,37,1,0,0,0,0,0,1,0,0,0,0
23037,460.15,Cash,F,No,157000,45,1,0,0,1,0,0,0,0,1,0,0
103462,403.38,Cash,F,No,245000,26,1,0,0,0,0,0,1,1,0,0,1
89559,243.81,Cheque,F,yes,154000,16,1,1,0,0,1,0,0,0,0,1,0
55629,496.01,Cash,M,No,271000,27,0,0,0,0,0,0,0,0,0,1,0
72986,259.76,Card,F,No,222000,36,0,0,0,0,0,0,1,0,0,0,0
19209,463.67,Card,M,No,169000,21,1,1,0,1,0,1,1,0,0,0,0
64752,188.47,Cash,F,yes,141000,38,0,0,1,1,0,0,1,0,0,0,0
35519,302.37,Card,M,No,214000,32,0,0,0,0,0,1,0,0,0,0,0
103168,122.67,Card,F,No,159000,22,1,0,0,1,0,0,1,1,1,0,1
46071,181.2,Cash,F,yes,251000,32,1,0,0,0,0,0,0,0,1,1,0
109132,302.88,Cash,F,No,151000,38,0,1,0,0,0,0,0,0,1,0,0
47343,489.55,Card,F,No,283000,41,0,1,0,0,0,1,0,1,0,0,1
47441,135.42,Card,F,No,216000,36,0,1,0,0,0,1,0,0,0,0,1
93891,365.95,Card,F,yes,139000,20,1,0,0,0,0,0,0,0,0,1,0
13747,123.37,Card,F,yes,187000,38,0,0,0,0,0,0,1,0,0,0,0
89041,250.85,Cheque,M,yes,159000,25,0,0,0,1,0,1,1,0,0,0,0
55295,326.52,Card,F,yes,124000,47,1,0,1,0,1,1,0,0,0,0,0
47489,230.23,Card,M,No,184000,41,0,0,0,0,0,0,0,1,0,0,1
59580,408.78,Cash,M,No,142000,50,1,0,1,1,0,1,1,0,0,0,0
98836,386.02,Cash,F,No,249000,29,0,0,0,1,0,0,0,1,0,1,1
92227,425.33,Cash,F,yes,226000,29,1,0,0,1,0,0,0,1,0,0,1
34297,149.74,Card,F,yes,226000,32,0,0,0,0,0,0,0,0,0,0,0
25774,387.71,Cash,F,No,267000,48,0,1,0,1,1,0,0,1,1,1,1
101031,475.2,Card,M,No,151000,16,0,0,0,1,0,1,1,0,0,0,0
14890,318.99,Cheque,M,No,187000,29,0,1,0,0,0,0,0,0,0,0,0
63420,227.58,Cheque,M,yes,195000,21,1,0,1,0,0,1,0,0,0,1,0
103325,462.27,Card,F,yes,171000,49,0,0,0,0,0,1,0,0,0,0,0
72849,207.74,Card,M,yes,191000,47,1,0,0,0,1,0,1,0,0,0,0
10987,377.07,Cash,F,No,293000,21,1,0,1,0,0,0,0,1,0,0,1
31083,456.14,Cash,F,yes,207000,26,1,1,0,1,0,0,0,1,1,1,1
50258,430.88,Cash,F,No,191000,25,0,1,0,0,0,0,0,0,0,0,0
70206,153.22,Cheque,M,No,180000,33,1,0,0,1,0,0,0,0,0,0,0
19519,124.08,Card,M,No,233000,31,0,0,1,0,0,1,1,0,0,0,1
14658,468.04,Card,F,No,247000,36,0,0,0,0,1,0,0,1,0,1,1
85860,304.11,Cash,F,No,184000,17,0,1,1,0,1,0,0,0,0,0,1
50087,409.25,Card,F,yes,173000,45,0,0,0,0,0,0,0,1,0,0,0
96078,104.61,Cash,M,yes,165000,37,1,0,0,1,0,1,1,0,0,0,1
82096,445.39,Cash,M,yes,105000,23,1,0,0,1,0,1,1,0,0,1,1
41996,283.47,Card,F,No,239000,48,0,0,1,0,0,0,0,0,0,0,1
57207,391.62,Cheque,M,No,297000,48,0,0,1,0,0,0,0,1,0,0,1
105816,226.47,Card,F,yes,139000,37,1,0,1,1,0,0,0,0,0,0,0
94231,272.6,Cash,M,No,116000,28,0,0,0,0,1,1,0,0,0,0,1
80869,100.45,Card,F,No,294000,29,0,0,0,0,1,0,0,1,0,0,0
51939,432.41,Card,M,No,115000,47,0,0,0,1,0,1,1,1,0,0,0
89484,406.55,Card,M,yes,286000,47,0,0,0,1,0,0,1,0,0,0,0
99292,398.99,Card,F,yes,198000,23,1,1,0,0,0,0,0,0,1,1,0
77232,287.94,Cheque,M,yes,196000,22,1,0,1,0,0,0,0,0,0,1,0
79535,370.48,Card,F,yes,184000,50,0,0,0,0,1,0,0,0,0,0,0
10944,453.27,Card,M,yes,105000,46,0,1,1,1,0,1,1,0,0,0,0
42524,142.98,Cheque,F,yes,257000,22,1,1,1,0,0,0,0,0,1,1,0
90360,151.37,Cash,F,yes,160000,47,0,0,0,0,1,1,1,0,0,0,0
79446,182.45,Cash,M,No,170000,17,0,0,0,0,0,0,0,0,0,0,0
40090,414.85,Cheque,F,No,132000,25,0,0,0,1,0,1,0,0,0,0,0
83003,492.49,Cheque,F,No,171000,47,0,0,0,0,0,0,0,0,1,0,0
12694,158.63,Cash,F,yes,221000,40,1,0,0,0,0,0,0,0,0,0,1
79632,125.36,Card,M,yes,130000,43,0,0,0,1,0,1,1,0,0,0,0
95354,353.97,Cheque,M,yes,133000,35,0,1,0,1,1,1,1,0,1,1,0
108596,393.3,Card,M,yes,276000,44,0,0,0,0,1,0,1,0,0,0,0
44594,466.74,Cash,F,No,234000,50,0,0,0,0,0,0,0,1,0,0,1
24534,377.38,Card,F,No,170000,22,1,0,0,0,0,0,0,0,1,0,1
27462,397.47,Cash,F,No,223000,39,0,0,0,0,0,0,1,0,1,0,0
108153,205.8,Cash,F,yes,235000,32,0,0,0,0,0,0,0,0,1,0,1
93974,465.1,Cash,M,yes,132000,33,0,1,0,1,0,0,0,0,1,0,0
39042,498.32,Cash,F,yes,242000,46,0,0,0,0,1,0,0,1,0,0,1
108718,156.2,Cash,M,No,216000,18,0,0,0,0,0,0,1,0,0,1,0
59071,280.76,Cheque,F,No,281000,35,0,0,0,0,1,0,1,0,0,1,0
72299,240.27,Cheque,F,No,258000,24,1,0,0,0,0,0,1,0,1,1,0
103546,455.89,Card,M,yes,285000,44,0,0,0,0,0,0,0,0,0,0,0
52011,391.19,Cash,F,yes,245000,25,0,0,0,0,0,0,1,0,0,0,0
81745,159.57,Card,F,No,124000,49,0,0,1,0,0,0,0,0,1,0,0
70428,236.08,Card,F,yes,216000,42,0,0,1,1,0,0,1,1,1,0,0
85182,119.2,Card,M,yes,276000,22,1,1,0,0,0,0,0,0,1,1,0
62175,179.18,Cash,M,yes,133000,16,1,1,0,1,1,1,1,0,0,1,0
39715,282.12,Cash,M,No,202000,17,1,0,0,0,0,0,0,0,0,0,0
97328,240.25,Cash,F,No,143000,24,0,0,1,1,0,0,0,0,0,0,0
50064,470.82,Card,M,yes,154000,20,1,0,1,1,0,1,1,0,0,1,0
72200,124.52,Cash,F,yes,144000,48,1,0,1,0,0,0,0,0,0,1,0
14301,399.17,Cash,M,yes,142000,33,0,1,1,1,0,1,1,0,0,1,1
109583,410.08,Card,M,yes,292000,34,0,0,0,0,0,0,0,0,0,0,0
50647,385.63,Card,M,No,221000,25,0,0,0,1,0,0,0,0,0,0,0
95443,479.23,Card,M,No,290000,42,1,0,0,0,0,0,0,1,0,0,0
65225,438.56,Cheque,F,No,259000,48,0,0,1,0,0,0,0,0,0,0,0
67809,103.76,Cheque,F,yes,116000,39,0,0,0,0,0,1,0,0,1,0,0
74314,387.03,Card,F,yes,175000,31,1,0,0,0,1,1,0,0,0,0,0
57102,199.09,Cash,M,yes,161000,30,0,0,0,1,0,1,1,0,0,1,0
61011,181.25,Cash,M,No,250000,21,0,0,0,0,0,0,1,0,0,0,1
52421,317.35,Card,M,yes,150000,16,1,0,0,1,1,1,1,1,1,1,0
17064,153.25,Cheque,F,No,158000,45,0,0,0,0,0,0,1,0,0,0,0
28061,372.24,Card,F,No,232000,43,0,1,0,1,0,0,0,1,0,0,1
12291,419.51,Cash,M,yes,267000,40,0,0,0,0,0,0,0,1,0,0,1
105095,480.78,Cash,F,No,180000,50,0,1,0,0,0,0,0,0,1,0,0
89958,344.23,Cash,F,No,194000,27,0,0,1,0,1,1,0,0,0,1,1
32432,283.84,Cheque,M,No,297000,34,0,1,0,0,0,1,0,0,0,0,1
70063,283.93,Cheque,M,yes,187000,35,0,0,0,0,0,0,0,1,0,0,0
42037,497.61,Cash,M,yes,299000,25,0,0,0,0,1,0,0,0,0,0,0
24258,348.28,Card,F,No,143000,23,0,0,0,0,0,0,0,0,0,0,0
109672,165.29,Card,M,No,156000,20,0,0,0,1,0,1,1,1,0,0,0
33891,120.01,Card,F,No,131000,47,0,1,0,0,0,0,0,0,0,1,0
44775,235.74,Cheque,F,yes,264000,44,1,0,0,0,0,0,1,1,0,1,0
57101,207.58,Card,M,No,198000,49,1,0,0,0,0,1,0,0,0,0,0
13564,315.83,Cheque,F,No,129000,19,0,0,1,0,0,0,0,0,0,0,0
28427,129.73,Cheque,M,yes,107000,32,0,0,0,1,0,1,1,0,0,0,1
24864,246.67,Cash,F,No,192000,38,1,0,0,1,0,1,0,0,0,0,0
61159,472.27,Card,M,yes,250000,21,1,1,0,0,1,0,0,0,1,1,0
10645,184.8,Card,M,No,133000,20,1,1,0,1,0,1,1,0,0,0,0
96076,244.41,Cash,F,No,229000,36,0,0,0,1,0,0,0,0,0,1,1
66651,256.29,Cheque,F,No,279000,44,0,0,0,0,0,0,0,0,0,0,0
61342,265.89,Cash,F,yes,189000,41,0,0,0,1,1,0,1,0,0,0,0
94754,450.85,Cash,F,yes,297000,41,0,0,0,1,1,0,0,1,1,1,1
37917,229.28,Cash,F,yes,105000,26,1,1,0,0,0,0,0,1,0,0,0
18517,425.09,Card,M,No,139000,38,1,1,0,1,0,1,1,0,0,0,0
14107,129.5,Card,F,yes,275000,33,0,1,0,0,0,0,0,0,0,1,0
91117,336.1,Card,M,yes,178000,21,1,0,0,0,0,0,0,0,0,1,0
28268,108.78,Cash,M,yes,213000,26,0,0,1,0,0,0,0,0,0,1,0
76944,476.15,Cash,F,No,239000,34,0,0,0,0,0,0,1,1,0,0,1
58485,355.47,Cheque,M,yes,280000,27,1,0,0,0,0,1,0,0,0,0,1
82801,425.43,Card,M,yes,201000,28,0,0,0,1,0,1,0,1,0,0,0
54314,312.93,Cash,F,No,287000,44,0,1,0,0,0,0,0,0,0,0,0
106122,323.36,Cash,M,No,237000,22,0,0,1,0,0,0,0,1,0,0,0
105188,443.61,Cash,M,No,264000,39,0,0,0,0,0,0,0,0,1,0,0
73708,433.06,Cheque,F,yes,219000,36,1,0,0,1,0,0,0,1,1,1,1
72900,144.63,Card,M,yes,187000,17,1,0,1,0,0,0,0,0,0,1,0
29343,110.38,Cheque,F,yes,273000,46,1,1,0,0,0,0,0,1,0,0,1
109884,358.21,Card,F,yes,151000,18,1,0,0,0,1,1,0,0,1,1,1
32160,197.17,Cash,F,No,206000,33,0,0,0,0,0,1,1,0,0,0,1
59297,493.56,Cheque,F,yes,220000,28,0,0,0,1,1,0,1,1,0,0,1
101544,385.66,Card,M,yes,251000,47,1,0,0,0,1,1,0,0,0,0,0
94004,438.67,Card,M,yes,280000,37,0,0,0,0,1,1,1,0,0,0,0
91074,465.64,Card,F,yes,116000,19,0,0,0,1,0,1,0,0,0,0,0
78302,326.84,Card,M,No,205000,33,1,0,0,1,0,0,0,0,0,0,0
65006,105.46,Cash,F,yes,126000,24,1,0,0,0,0,0,0,0,1,1,0
27496,163.27,Card,F,yes,257000,48,0,0,0,0,0,1,1,0,0,0,1
27306,173.9,Cheque,F,yes,106000,42,1,0,0,1,0,1,1,0,1,0,1
108855,328.41,Card,F,No,228000,30,0,0,0,0,1,0,0,1,1,1,1
30423,449.42,Cheque,F,No,122000,45,0,0,0,0,0,0,0,0,1,0,1
14015,318.65,Cash,M,yes,172000,38,0,0,0,1,0,0,0,0,0,0,1
19211,359.54,Card,M,yes,127000,28,0,0,0,1,0,1,1,0,0,0,1
18917,479.34,Card,M,yes,121000,47,0,1,1,1,0,1,1,0,0,0,1
68104,123.29,Cheque,F,yes,208000,45,0,0,0,1,0,1,1,0,0,1,0
109425,232.35,Card,F,No,203000,20,0,0,0,0,1,0,0,1,0,0,0
55550,314.75,Cash,M,yes,215000,28,1,0,0,0,0,1,0,1,0,0,0
14514,316.01,Card,F,No,110000,45,0,0,0,0,1,0,0,0,1,0,0
103087,385.78,Cash,M,No,155000,35,0,1,0,1,0,1,1,1,0,0,0
56885,335.69,Cheque,M,yes,155000,27,0,1,0,1,1,1,1,0,1,0,1
41866,204.51,Cash,F,yes,161000,34,0,0,0,0,0,0,0,0,0,0,0
69372,115.39,Card,F,No,107000,35,0,1,0,0,0,0,0,0,0,0,1
105429,152.94,Cash,M,yes,233000,43,1,1,0,0,0,1,0,0,0,0,0
15317,438.94,Card,M,No,237000,40,0,0,1,0,0,0,0,0,0,0,0
68156,181.15,Cheque,F,yes,263000,40,0,0,0,0,0,0,1,0,1,0,0
104971,357.5,Cheque,F,No,249000,24,0,0,0,0,0,0,0,1,1,0,1
78626,330.97,Cash,M,yes,237000,47,0,1,0,0,0,1,0,0,0,0,0
60153,471.56,Card,M,No,274000,31,0,1,0,0,1,0,1,1,0,0,0
80728,212.64,Cash,F,No,117000,28,0,1,0,1,1,1,0,0,0,0,1
100553,241.45,Card,M,yes,215000,34,1,0,0,1,0,0,0,1,1,0,0
43962,116.76,Cheque,M,yes,226000,49,0,0,0,0,0,0,0,0,0,1,0
78357,288.48,Card,F,yes,286000,40,0,0,1,0,0,1,0,0,0,0,0
82796,185.93,Card,F,No,178000,17,0,0,0,0,1,0,0,0,0,0,0
40459,379.93,Card,F,yes,237000,47,0,0,1,0,0,0,0,1,0,0,1
106499,269.58,Cash,M,No,107000,31,0,0,0,1,0,1,1,0,0,0,0
109224,200.95,Cheque,M,yes,275000,18,1,0,0,0,0,0,1,0,0,1,0
32182,133.27,Cash,F,No,243000,29,0,0,0,0,0,0,1,0,0,0,0
100393,287.75,Cash,M,yes,272000,22,1,0,0,1,0,0,0,0,0,1,1
26061,470.53,Cash,M,yes,110000,22,1,1,0,1,1,1,1,0,0,1,0
47330,209.34,Cash,F,No,188000,21,1,0,0,0,0,1,0,1,0,0,1
94864,434.74,Cheque,F,yes,142000,47,0,0,0,0,0,0,0,1,0,0,0
28959,215.85,Cash,M,yes,236000,38,0,0,0,0,0,1,0,0,0,0,0
54462,388.38,Cash,M,yes,159000,31,0,0,1,1,0,1,1,1,0,0,0
63880,167.47,Cash,F,yes,208000,23,1,0,0,0,1,0,0,0,0,1,0
104630,496.88,Card,F,No,238000,19,1,0,0,0,0,0,0,1,0,0,1
11565,449.74,Cash,F,yes,164000,19,0,1,1,1,0,0,0,1,0,1,0
93527,333.61,Cash,M,No,297000,38,0,0,0,0,0,0,1,1,0,0,0
88812,288.76,Card,F,yes,105000,34,0,0,0,0,0,0,1,0,0,0,0
61107,303.14,Card,F,No,211000,30,1,0,1,0,0,0,0,0,0,0,0
104722,336.67,Card,M,No,167000,38,0,0,0,1,0,1,1,0,0,0,0
10915,124.62,Card,F,yes,135000,22,1,0,1,0,1,1,0,0,0,1,0
33056,144.01,Cheque,M,yes,235000,27,0,0,0,0,0,0,0,0,0,0,0
78967,361.66,Cheque,M,No,145000,25,0,0,0,1,0,1,1,0,0,0,0
81825,250.71,Card,F,yes,123000,21,1,0,1,0,0,0,0,0,0,1,0
51846,370.74,Card,F,yes,140000,21,1,0,0,0,0,0,0,0,0,1,0
58288,144.81,Card,M,yes,160000,24,0,0,0,0,0,0,0,0,0,0,0
30459,326.75,Cheque,F,yes,205000,29,0,0,0,1,0,0,0,1,0,1,1
70018,427.99,Cheque,F,No,258000,39,1,0,1,0,0,1,1,1,0,1,1
62789,151.6,Cash,M,yes,140000,25,1,0,0,1,0,1,1,0,0,0,0
102887,333.15,Cheque,M,yes,203000,46,1,0,0,0,0,1,0,0,0,0,0
83102,480.07,Cash,M,No,146000,47,0,0,0,1,0,1,1,0,0,1,0
57268,250.26,Cash,M,No,220000,25,1,1,0,0,0,0,0,0,1,0,0
78139,485.57,Cash,M,yes,252000,29,1,0,0,1,1,0,0,0,0,0,0
86331,454.52,Card,M,yes,103000,29,0,0,0,1,0,1,1,0,0,1,1
31384,372.05,Card,M,yes,275000,27,0,0,0,1,0,0,0,0,0,0,0
63996,137.35,Cheque,F,yes,226000,23,1,0,0,1,0,0,0,0,0,1,0
99025,290.79,Card,M,No,274000,42,0,1,0,0,0,0,0,0,0,0,0
95921,348.57,Cash,F,No,233000,43,1,0,0,0,0,0,0,1,0,0,1
99164,306.96,Cash,M,yes,216000,26,0,0,1,0,0,0,0,0,1,0,1
